Id,Text
0,E2?vcEo0LlmMz9.LB;CvM9Gw6sc3jhq8h4yUiYAd;XpB?4F
0,"8ILhG4k5MCsiEh930O1,efrwn1ym0d..;xhaZCZ?exlRMS?"
0,"BoSKoXCy.ospS;GpB,uKQjz0jQg8Koaa.DGcobV6xS kgWZ"
0,;NX7qjCgyYgIi0Ab9SvGjM98g4He76R6WxybewBphlbB2Qv
0,IqXfRUIPM1HrwZw2Pj6zXDshXRCsFY1fSy aeVkmroA0x6d
0,"BnkrmCbUok01QxMOJtoIbyK3iOpmYymEp,Iu2pX1QUbCR41"
0,"JvQGuPjm17mX.wCAlJdx1KgC gQvmrR,YgkjK2wzZQPV6y4"
0,"8SYRmf?G,hkmf3wMOXWinqzTz6VjLhQo52.,66uiMR,AqvJ"
0,YHeqTO61CY1m1baqsgo?2bADOoLuhrV2ldJjQ6.gWdk9iID
0,AY.aOvIyjtzQBrbXU4VwqI2ugk.3P3KC9R2CW2Lqqq0exw?
0,"2pXjAAL9I2OvHknP?qEJu2x?Hkk9swdD7?m3u9,oFeQ.r?W"
0,3Cvqe0bIPjEcipRbSL1txWrvO7iT?;cQKDNDeWrEG;k9kL;
0,"St?mftrfnA8Yy,kK9henNolGypyQn24zhu 0 HITTiRQdbN"
0,yarU1aDM2R0.MREEpas6PjMX7;MjVjGmDb.?BHG?X ;p8;P
0,"PpP3hGyrc,0xdZo8,wOAzA,DOLI .S83JMI1Z2F4fwcf3Ud"
0,foCHVXuW7yYBeTgSvNTz qPC.F MSC1ZdLYZbKeoWZYA 5c
0,"EoLP4QkSrBRqB39R?Pa.Gp3hoQw65JdMDr16ZLKOUOLVz2 "
0,VoVuZlGmvT0FBsLeo?RXx;G1Vw7NIKRjwZ?3 5WB9S9U;04
0,85e0zqpg5?pbbbLMe6OwjMCT4NlvbeqxjambK AsjxyQIa8
0,OxDpdowrD7sGfLXQHSLBUuZTJZl9GlK.r8vCV1SnU?dBeC4
0,"DDz92yHGi4VmFqJWyxx;f64anv?LYKCE31zU6Uz dYvZ q,"
0,"rwUuLvRxye99H0PCyOmb4lS.XkC,4DX0pg.RTBJ3ceSuY,V"
0,"MpH1xzzovF;ufIruB2aYgSwvfw4FB;2H4WBgS.3zxx,xdXw"
0,",YKH.vxJwpik1SjJIwS3C74vE52tJ73?, gvYoeSZwQE.l."
0,"G9FOqmXyBIGNnIIYiKCjgcsmjl.,W0wpiauTGmFo,eWucwY"
0,wqvFCKMdgfWa4bqFfV7Av1EcXPDkRC5H6sdLwL8K1QYTt?f
0,"6z?65YvWcgDP3nPlhu3Gpe1sN.,ewVCwAQCxVBkSd2qNks."
0,"8AY7 d8ozs7bi;yOMXbj,3bQP,eaa3R5zkwoqKX71yNus8 "
0,"R.7typ6tD3Pvn?0Q86lCrX;h9Bq6rsS2sClH1 2Q3InUo,g"
0,FCHw6ZrimsqNrA h5I1qN9S0CJxnHASiYNCgqg q4IyhRZp
0,Dr1nc?6LhxlPKC9uX?are98vGYDh2QOcO2NyGNFh?IYtCrb
0,WbQeDIfPJR.5Ma6Cc;1EykpukmnlBbuTJUanYvuvWLz1Eso
0,VhAx.?4YV UMQggNvCQvj?gA6;BTwZVShMaER?dq.AtGMrW
0,",ufFYgs,pNHluVvYuQh58XMvn5TqOAps4Kl..XbeetwTPNB"
0,pzqDEngkssjE9F9u?FYi6YdwcDP3itBeASt0CxH2peqHsoF
0,"F25j?GM;2Dv.IeOn.QVo8fASHsfiI0BzxGwmD Ou,sXH.Xw"
0,"PcywCnLIlyW,qwpOoDB21bF?VUcL.qtm5HFeje J6.Ds415"
0,"KDCC,YDQTXhf Bv4lS0 k.gWaMHcEh0lygqi8D55J9mnt5D"
0,";V7WN lnpkGPgBc8;HpXE7O6HivWBfxi3A,VHgeQ?XpAop1"
0,"eUdw.lDfopGZ2iMCb8jnrFFzrFhpn N27VUxPcWIi8XV,fK"
0,";9LniUmNx7RYjvukD.ZWjVs1UkXPol,4hQ.tKj s71oLU4S"
0,"vpd9M.hAk9L4zNNrFR3DFRETJRJeLmilFbbr9qy,u8UddBX"
0,"r1ve,U8rTcXtsJySFBIerz;xeDGh7Zw05xuMtHB9T6gQ?PB"
0,"fRRhDIIkPNV3FJE7W5ZT2EYatfiN Jc.NtMQs777o;PEEh,"
0,186KtXXOasL gP7kcixjnj7CYO jWQN52Fjj8zyGWLy5aeT
0,"w ci,wZ.7,irz1AkHVMYDzOrqnRXlQp;90V7TjEPkp.5x5j"
0,"RzZ8D1VNxyKLmiKPj939Ek,5jM0o0yCjOQf2AezDVi 6hHk"
0,"?jVc6pIRvjU5r7OefXau4Y,8Dnpt3wrRIZfKQA0aIykszo8"
0,"lK1NBu9iGSaWaz2AguDQ,Sw6k1hFRXvqrT7SDIqGpdW3To0"
0,"mn6XpXb1PCEApXcoSWnsU2F2Qv.Yn,bEOx97njYLcR2IA6W"
0,"Il,.hIfoP6LRCKkxULpfSioepsJbpaT3tTEoos9YpY0c3uQ"
0,".8unBj91UtBQq6ZM.u0LS1B.Ptfv201QjoGl,hJKA2?BDkC"
0,"FrF8lgetHj?X5D5wP;EJGbh5t2e4 uey2ucs;DXO ,4leAT"
0,"T3R1z7jpnnmtBKa9b,3Nk4J3LQPcIe5xj4kYrNhie3tglVf"
0,jFjZR9128R4MGfiX74qpicnkcfaVUc1pwI aj7T96LKJEzQ
0,"pDbg9L?kTB;NipeKHrhUez;bB62tmE8pXCm6,AMBUwyboGw"
0,iD3D29uuCTVz7tcdcDVxxITAkkIU1VrqBR;9M0midtfpEx6
0,"di1,UExXGUeXZapBnOS0xOagqrXyhGD?gKp43FXHsIP8Lam"
0,ptgrfeAI39m21DiwNcP7?04HmR7i4VLI9QsdC4GhptfrVU5
0,"YvdtPz3ZjvJCH8gDXzpuCE,6zf6XyXA;TUd3z,NScxqwnkX"
0,4TpXYfHHTjwYQgUadyfR0vNNPfFddoM8hpv2FIwx1 .l0TO
0," w3fesNLGnJ6BfYPCp3hNqcaTjt;MdFUCpxcOlkFZyGj2U4"
0,ZOvD2npJsgbt4iSMmy7lZ5tgmJ5?;s0nS.lCjKn0?DaRzXt
0,7OVfehKG  ExVDCt.b;j7aZfdXXE4V0Sg4xN9MP6i2JwI7K
0,6gy4LwENk6IZlcnh;mQTvhMt;jdF0yw5D6j08ch6W.7d9YD
0,"ZFAn1P uW,AZbU64Jbay3XmxPJFfH50cjYn p k ceA.X16"
0,"4DmKz.TdFC?bp,QY9?kPmg6btmOYQndBmbhDELkYSFQnCgO"
0,HPnx?5SvK1OBz7zd.YMmnqfmEOkjkdRqoUMdd91BXzwbwKC
0,"oPAp,;c,JEBD2sJ4B1BKftoHXeDuHDOSaMMSUiYwQQxzmXx"
0,"RCftGMvxiopQfEp8ne.rurh3I3u0i,LYRmi3x,5Z44x0JYl"
0,"Vh2AW725JZL;eYfLG6.BRKZumJ;5 He,LII.oOdF;d,PkdY"
0,K Hv350J4NEIK7DjvaYYK?udDyF0to27V.YPwRoidSgu9oK
0,bfq;WGsa4qd7;.ASTNnT5i4i0LPTOX97iA a5Ey0U25rwUP
0,UziiH6g73XqrHxcTnBopAjbn22n1TN0HhZBjacuWd8dqumL
0,.1jftojZowduOqMZ;Y.1DEAlJ.d.22i66DOaH9femcVau.t
0,WwjNllEobjSQeEG0XWq pVbA5GzDPwiwogziohzEZDOMPvu
0,"G6cjiCZ6LBG,TDrj2SVnD9A;oXCB2U2tijSfVUag8;0GQ.O"
0,"b4,Yy?jkLKe;15CO9Vy11821SmQJFELga AvEP?qM7rPO0C"
0,h LkcIr8G6swNyItgU0IyUNHZPBrv6Shm RdejIhCw5VV v
0,"G,epdASJ6W 1jM1;.abSzyfY3oZGop,PZ,XW9BzaP92jubn"
0,vkg0ozvUqCxATD62ytrxB1 h?xUJJphHbOJJRJVR6mMr95w
0,"4LHor6EqR,3kyt,v49pY4jjgN5yIpjiFqeBBVkdelAnuc0T"
0,D;Vi.Ax4Z7P8ScSpaq.Xexetus759ufOqPLqXUIw2s8MWVb
0,FlR;k1.UNCBXJSMKR KFpG8gh;i6EaLXLewJzGcl9JKFrbs
0,";5,kW8LxXbngI,wVhffdsmqSmcr5E8Qtg 6gcMMrOzEJKYd"
0,"pZ9vO8sHc,EpV?a1M1uo1wPDhLQV;PaYVBcocSI14T5PbvJ"
0,".dlQKT6WtB4yor.YCOn9YUPSSu0GcslalqSb,smquQiDyez"
0,rUIQLfz43W0I9VlHoWis?kesqvjlFvrok.OosOC7YLEzX2G
0,md7opLysPtEUTVctMCJk FF8FVaQxz9hUgK?ocq4KztaU26
0,"F6H,XZxm n9m7x9lu.D.0JNCC6cGftF4pUjmqzKsJ1XkJPf"
0,"SeLv?0VWd2FtIAixwxqNxktFPm?txeUKA40,VWTzHhe;Po9"
0,"QpVV2uG;5Cgmg3,89 06N?tnMZz279mPzhnH1fQI;At,uO;"
0,6teNcyJK1BWCfrGPuZHcKyOsB;ZbsHuQ7igAA2uPtyw;E78
0,EONGyXKnjd.w4KnyhK7vrkmsyVJXEBuOEbntA akYtVJgYh
0,"Na1cxgB?pFD9jwKSvqDm373L,BqICaCjexjh7C4xVgfz0JQ"
0,HncpN4OJ3l;wJy88x?l.QEpjvbzkLOiyEHnzcbUQCrMLCMD
0,"eHSLHRwBGqBo4rwqkYUL14MZsC2y,aeyH,as7XzYaGlYH?l"
0,y5jzaWrayvHLt1vOTvcboRd0DNNjl.6lBDAof98ex56;Ljb
0,93JFVbaK0DK;qqVZuNBC9koeSchUNxMTDuIliXpNvD2lOcQ
0,xG3EdY0P1QaU nehFX PpcGLfWpjfhx1v6Y.3LbY2t9TfnC
0,GPEGK8pxNehhr5RNNg?VrRXkNqIKwQGFuaxzrDHEi704F7j
0,f SlNlSjzkTzpwLLFi6NzZX12kCrVY9F4Bkkzf7?h0X9Beq
0,0Il4eNQVqBQkeaCUaRyB568bch0dhLJzr3G6qMWI;?Pff?A
0,i.ehqxFW;PNJjwr2Wn7oQYlK?6fSAxP wT.QS2G3mMblgLL
0,"j0q6Pq1UFem UTNaT4ZcSGatAXw,Ul4.L;1SJkMKRmdIUsg"
0,IfQccMM.XCkzTNLrL1PzM4LiinbwG4kqG2kM?qqTdysU.;S
0,A6fjCZLBeMc.?1rU5JJyBxG1UIXcYLbwRta4co24WeoEGE0
0,EbHJtLmPnDpn7.hpU0;kcqX;nnhDoldzs5;lW4d06iwZvk6
0,mx F.NN4CcXaM Bpzv1UJcADUgY;JgRq0Ldna7?PxwLgEY.
0,zxpbhqih QXc.nbzJdUYG5M0o.UOw1S l20vLEinO0xp5 f
0,J9zRv6uRC?SOrqhD5hPsx4zxX4eJpRQJZEQ?akenmpMoOeK
0,g5tsL9 Ks7YgL2FsKJRhWvqQu x XhvqJSIMY0hus03 bZo
0,"e77oZOXP;T6SKX5JmS.pjOQrT 5??JO.szarKoveIBzQ,,Y"
0,cpwMpHReosujItM..cBELWEkd51vG?UZ0FYXWRHEFNV4RWA
0,h3W?vN0WlS9n2d3ub2YWNrzGUt?qFfC 8RgB0TutVt26uJd
0,CR9zZfdqvmmq1I6WDXNhlgafdM;zawmFhhzoTOyKR3Hr9Y1
0,"EeL7dtkwl.fNWgpLn00wtyAoQCqSI,gPRchXzQMIlu;hY0m"
0,aq5ssVjqHF;Wn7aBsXL0k9m8jQtrIo42HY9JSWyf?3ebI5I
0,"TOpB8Vy,M;8.YM.wUgtPp?OC5RaHt8pwXtYeARpKugo3JZx"
0,"n8zIRvF3V3,RWOa1o?9CXDoeKYmBJipxh?8Nt1jxSy3.C7B"
0,ePuSI kmZhRddAE4ZMIAlnZIBNMsiITB4w2bV1kHsNyHt7G
0,jkTex?CwOfw9tRq9j.tG6moXNecmwnlkiCMoJLVSdd76eqP
0,t8vpPR?jgaSZrGbOM;M4YropGzn 9NCKML9NirthYtozPen
0,iIPY;5OrdakWWWO2LCd6zD7AV.3g6RcH8SEbX R2sDxKNkd
0," Ukz4rXdInzdTQmZmHJ2w3hunLoVNorY4v70JujzJ? d?Wr"
0,"DsxQedheRBUNU,niUQeQH7Awd3 BaM;g0Bovap4CPQK2s6G"
0,"3H7fAQ.b1MPkov,?m3sJa51RUP,5bVqK7lTBnHwl5vuZ1oP"
0,EoNIRU pbUjU4DwHDKehalK5oedvlS .soHOuiLnPRpJvkE
0,oQo1vx.2AZ;pAm2nhm?uGpy5XxZbCXXzmyfvmQil8M;YpLf
0,"?nkTG;vM,irivHJVkL4 PpRmJFO ;iyHkCjptnA;X0UG3mJ"
0,JCJwAvvVdiHigaZLlzBtWlUQxKKmxGFtt4J.gVfgmmyV3Vg
0,pmT59UnMTui9TXFNhUFVz 3SOeU.g?3jtd0DYrKR6oCMNSs
0,M1.EUFZsxj3h0vMnBOTy4;55u;vhhqONl2HRHHxxY1 WvOp
0,8BxIMb2ZQKD;wOPfG8FBcw9Iw4I9AhqpwOBwJ.ezOjAWNUh
0,"mTFLiuVC.0mt,8QdJ;xXlu4OcnEMJtRsTD Mxlb sEtWtLb"
0,"1M g;j?sikf1He?J QsvKbEewQppCrCguCXYVLqJd4VCf4,"
0,bRg2CU.lOjFmyIMbinZ?vb?ikXHBB;6qgiQMFlZ;TPCg6jI
0,"whcxUIAPW;rJRlmH87y,dFgFzSJhwBymwJB,Lonh9PpA9ql"
0,cdUkV6iujPOSAB5ub;?LnOylQU22890bFd1J4dRz1JIiA8b
0,"8wKbwoXM9gMjIx2h1IAl,ZI.Z;dJ2xXvsrXEyGEIWouv.DL"
0,"xYQo4iI5,iP?J;fPPvX42n0 VncXttXyMaG4eA4GCpUuRk;"
0,3ajQFqoe6BosyL4LM6WTfdz khEhUxQSMihv. GLTiJw4KC
0,iAMHkInFFvK9qTAXCxicwON?OKsg la6SSnw19.I8QZbtuJ
0,"RUl,cbZfM7WXdJ;znEmlzccMAIzbi;2Voem?txJQjiqPgPO"
0,"9ja,iosGQJJyZDw6wqTXdJ;I,B3Xy 5n0VznE5.Ow7uqsON"
0,"OI hbwHYrjtoS1sG6.spOk.UEu,wOxl722GNhp.vKrHZmxd"
0,"hGdOSa1YWJ1Th,NVu8DLvCjLI5uJ0K9WcZJ9ogGem7vnUcL"
0,",Osku4f ,?kYtv;haqzb95JnGU3zcx,6Jjp,j?O9A2mjs58"
0,cMt.52a0nS.76HL9FYHGj hFK..D.6oPL.PWX2N?drdN59g
0,MZIg;Uxh4JT6LJR3ouRvkgSkG bX10pe.FtoAV7pewQdc9g
0,"T30ryYpEWb5kLwQ,jKdkM?qNJ,j3 NEPXhNWoHlwJCe1p9L"
0,"eqkgTuvpcibUK?0jZ3IaPJzZQzyqrW9;FhadirZD8gG8S,w"
0,"TmTlV4uvt;m2U84vKU2BcV,tdJ7uJL7CBD QH429 jEwYHJ"
0,gj12jLf9PNOcedjzLtE.KrbGYDar;hcCGyGX16euyOSVv?G
0,g04ecF0aTq;frFr 2Bd7e?ZUcihVi?67YrDUieg;wVCKfud
0,"TnulIYZxXBwB;n6wKK0;,feT,zLK2hlWRs2jfbzJR J.fPa"
0,"fUVAi0?BoJJLY h T4SP8yycn1n1bX?Dm3biJkfZCzdB38,"
0,"1MG?PNYiaT0OoAhTcCo?5orojS,R7Sonayr6Rd 0xIP0p94"
0,"Chn,5ZvrkxM9u,qvgQN7S,RbqNfIF ;O0KVU jeCEemM KT"
0,"mfplopqPgKf32MMBOLcG1JM7B0Ya,VM7Cj6UCXI?asKgewI"
0,4KLK96gAej9ZQ4nC6iAaj0tUZyGlGnYF4e;bO9l4dfTZ3xv
0,"YdfP1VMbCKDVo.;GLklTI7,PfEW,3cChtt1NlKQXQKgVXn3"
0,n89N00HRY5GuoMc6wuJiyI15NROgreMZ  05bP4Vhhz5Vc5
0,Q;NhHT007AE;pm j7nd92DnjodaK;TwJQ0 cj AMrce?729
0,UBpaHI4R;a;CHO2LoHE;xDoZqp.VMGzbc8v1XezWDup?YJB
0,"DlY Qz.EnkFbusbAUR0ErfdPvFQb,M0?2186lk..zsJPjAk"
0,"m4bbAIvDVwhRRawUbZyV8,w;3wY7F2CBEOhO0Ec3nP0X3MI"
0,G8L2 uhUN  9gVUaMOpT2Q.wd6AcPjkq4;JPihiTeIWM U8
0,"ACgMlDf3 p,o6AbuGTe2Lgu4y90A.7EfPnc7 tqRYjCU0VC"
0,"p3d7ucXd,E?;;FdcqLmXcSWSNuj9i4jMfgUEPMiz.?Zen8J"
0,nv1Bie IpTcF67byMd;MDBSjcOjtySNVC0 Pc4WBeA.fKfA
0,yRSMZPYhZLmzoF6rjD 1ouf87R 1BOeoms0xbTKQ3EzaqtC
0,"kd;9i9,tvhbfI,SJDF???AIincZhtqTVBMjcstym?6DocQl"
0,"cDK2jBJUSIi7,uHvobz,wmS.e33uqAt1 uQwlDh3SBY.4RY"
0,Uw8F7x?W1BxkeFXMqKamqiwGzJolgFIcC0RXFOU;QDJUakm
0,XcFjB1lO7f7fQyYVkW4n;08.dCWqJpFRZvx8Pptq01s50H1
0,"kHnuPU9h4zDN0BWj5IGpw9hwrHmxo,AM,yJli2wcaSlU0u6"
0,";.QbM3,06fCWf9dAhf?yMFlHQ8pa1K7W760wp82IP2fUOmI"
0,"Mx.KoA0Z3MWOqRd3XJL?,CaX?2Tc 6OYQ57zBeW887oZ8bP"
0,cMfUGD0xMW5GoH4q6BgsMTEb5CNbFiiFd9U372fjKyin eB
0,"D9u5UYfJRrsWw.1X4MtT 79kgrGfGvE1 o AkftLbn3Ew,K"
0,yrRkTgmAAkgCcCQB6hdYxQl7rLP7yUUo5ZlCRK.Z j6csVu
0,t9hlaerUMImfLL722ldGS?ZVA8U8U8ixHNmDCZF0PwNY50Q
0,"rt5TUK1wvuwIj?FdIY7egQw 1p,Zm a?7rNUjX8l6,YsS,a"
0,DPdll.ef.e0XRaDdleb6 UpSfG8tetADhJ0q?yTck?H k4Z
0,Cojt.Qos54bhXrf2R71Jw1qRlFv2gicjtQNA.Xnui G6Kus
0,ocB0f;SKKexM6bh5Zt?w?C1Ofb.5u8vS4lZBfIQ0zVx8H3s
0,H1rUxlbuBnmad2 yDKrzYP57DUKDGaOfGz jmuMnpvkxLRd
0,TerSFvkSTcBm7FhK6afZpYt2Yyux3ekglFOAoGNcQibQidY
0,"QZtYfvHZl3yr?9314B,duewWsjs;7vGlnthfO1COY533IHc"
0,"ksTdrXuEaOIXKIxdsCTW9,RfxVO5vvSxAXLO8Efr6ecJH1M"
0,"Acg,bXsqieqEN8fk?oNzZ5hmJRU1h65JsRPwIKmqK.Oa9Iv"
0,"LylJZm6n1pF65pF5?I9LDfK mwuEdo9DcoKoWDSQ,Fq6UBH"
0,f0MixrODw0Hg2S19bDRvxDR 7 MKlRNKK0GQMCpxYYC01A5
0,"Mq0irksz,HbLlmjrlR,y ZvkbPlLRG,ZUFjGKgejVtB4;OY"
0,"G69EU6drDy9izX;kr2RB0VP8Ipg.K?x6nHx4WAMBahH,;d3"
0,0yteuoAGNYWn aHKbCWUNAv3vzIOgWL3jZFcWboHyRI3Qig
0,tiLDkwc.iMVyIHO.M6TJogi2Cl7C4surug?d33aTaugX989
0,"2dcJ7olpBLy,PHY6cvpM.cycrwmsdTixdW5e0wrCIsU0?YI"
0,"YB,S9nw7;vKcDMiEMDp0cQ6LRBHfrxODE2TADY6ipWGt4Nj"
0,"a?y8NIm3BqPkRYb44xKVmBe9dzJW.W9CoEIEXoM,aDiFMB "
0,C4t3irLe96mqf9Pj2?IW;IqH?D.PROjy2WzvSKTVJvpkIP8
0,TxPvIywHF3dIkHWq6HeVNH0wlU4JfO1rxJftdUnPCpaVvRe
0,"QqfbH1ENUEziZxqZ5,qA6iYdpyOUz4dco61?IlnnFYQ 6er"
0,"VCIQ7Q63X0AOXi6tPQuvZLsFR?XqTRwf,17SGz0G.0yl q5"
0,Nac EVk?bt8Pfq40a0vREtdm4Og70vCDCE57GlLEmqoZAES
0,VR7RdiJ1dNbXuAuGQi8?9oXZgKF.bMxCsMRIFddCeZTOH6n
0,"CjW9lmO.g73Ud,30LkQ1U;LyWNP1gmWEL.faIPAg1eACCai"
0,;D.6;ttDWBqWvP;e80T2av4nIKqxX.Wq5zhNWdUYt0q8ons
0,xK.UXfwXNk4zoLSs8Fb;cmXQ5UkvZBSEYV8Qp2x7SsC7Uro
0,"4pPeaA9OQAhr40ijQqPcXUNMRpokIYHnLOLPX,Ig13xkkGy"
0,2JoQh9u8ZNtm H78xjKpZu78KN.rPjJK7WxbqK?a zu3EIK
0,q97C2Q; 1Z0Te?Q36iIb48SRgT.B0.bht5o.byQlVO DMGW
0,F.Nx6vKV7UwX;pCnFTqGTtor1o5U5XKDYWub;eFvb9WPtlx
0,"GZP8ak7p6ekemd5d,Q 4tcZk EfzSNXsBOmloqkAJOffuuf"
0,"dv7m 96eVKH;5YSyK6Vww.G6JPQZaL1sQd1LHBU7dxwl,C6"
0,3zGf1YUZxXMpymmZwsn3fz472GJum3eqdz8I2bBQKRBFqW1
0,w ;gLOdpRQKH0eKabP1Rqu?cnXJ5dd?5YD4xAdYssDqvhiT
0,"knFJxBz?fdok;,ta11Ue2TKfA1,gA.yVtnPfwI6WLnQHqS2"
0,uv1 mj vSZU8RJi8h1XVZhesGCtDHP1YvsaxMoZcuBJjqkY
0,"?2bB9ZdVAUSBFaZI.cUZfM,i6bVFeHO20GKlhcnctj8wWcA"
0,"44dRz4zAyXYQjoRHVpDB3Q5cXD.yl8 jWbZmHn,3IUBr2po"
0,qQ6W.uhcVP?GTuzAAgByns0LzSCZZePo19EFQAk1pHIfRb.
0,"UHG.?xzLc fRKjiXvqYRD9x58uO7aDP ob0WWmxpTiR,X0S"
0,"JR;?Tf5QAUe cj1Y Q4MbUA1D, OKx;JQonHR66U9jPTj65"
0,WQWvGWQaq;.J5OuJ96L0KuztP9xF4hDJdbdPnymk5;AdcCK
0,Wf0ru2r68ieqFQAz?HNAEme6 0.l6T3 VdlYUNK RSYXv4Q
0,.cuMzPV1VlJl9cnnoTUyYLEW?VgvZd;K66oEvfYwnpYMSZ.
0,UBSCsU40uZzQvXF5Nr 6zr;tyVLl2C7T3mQSTpsNb86dYfY
0," JwI Qw.uNq3, ieCn0,CExVe1;HSwo2jR3xb7Myr5NC7p2"
0,"RJqW40MOVRVlCrl5QaQRmA.tC?nvuef;NNAL7j,s7uAfncu"
0,WDb1EskrxN1G;nhPo?AmOyg 5BQBu8v2TJMD1Qjk1ONyKDt
0,"IG2quOvC?zJ6EnW g1EuY99tsAf,IpygK5V.eZY6P5HIbCA"
0,"W 70YrdhKwhMiL2kLMf,pGugVz4lHw9ySpIw,OCLlei3YXx"
0,fZqBivoqVzfJrj6vl1BZSkhvoZ7tj;QXiR2EdN5uyYG19nw
0,OmxrFj9mGPh4zMA C0fG;h 0kZid7nh6KMbedFFQYy Ru87
0,"3 m?6;wR,8ri.fi68sFL.6kRY7tK?bUEZB5EOCngHRs3jjh"
0,t.?WE pAWSDuF?pzT JDxUt0jIE2va9P;Dkb9QH5ClaNCbz
0,7iRVCyWUbF8Xd5 iTSNTbMvCtNJPk8oy;ze75gUFxVx6ojp
0,"h0oHy2MYXJ,xOPup8,ZQmkSK2NtL6fdrekgwLYk;VhOvKfL"
0,".6V?8QfGg0xAF,bmzpMEV. vNAG w7C7.2NnKrpRi1tJweI"
0,rHXTQgAWW ;BmGETSiqt3 CSX6VBtD2GgcKeGOr0rp;XWYk
0,"wBT;IcZFG25n,cQIbWKFS6H;b9FAtsz0c cgXwQjIuN?OQT"
0,"TOfgIV0s5a4KlRqfyVt0G3gwLw,C0Q,UKkzTI56SvS;cq0d"
0,"pu,li3YSGR..BQUe2VyrIHcJ;4l5I2kIJmeeTIG qs42y9h"
0,"Hjh5.EAH1K1lhJs,sB7f8ge8rZ9us76 SfSOL8r4?bcFKqE"
0,"H6;;9Q5gNGSSL2UDMn9,F9nwzYpOu08zICv170lOZ4?,Ta;"
0,"8ePsc6UMrHrLhX ,JXWoj7;gYhtUHZ?J5 IQTL9dn1O7?vy"
0,"tv81lpVUu691WU9q?Ff5HoLO .lSHv,3Au96b  A5;5G3F4"
0,n.JWdSa?uWFHKLPyRE3wbH5BlohIoUfLqy7kb45lwYvvk4W
0,"lvPJQTqVwtGwbMczTuu3uhxcrNsSJIu8BZRGvJecmi B,.y"
0,"Id xjvzKvnCyJ5,KXolHTY?cR?I;8fk4Ayc4j2dwRuD84mx"
0,"96XTanYrveh.,esXXB;7.Z1w30GSXEW9jyhVKIbL3.tXHLz"
0,".LH69E7E?o7ILg,wdl.MYi,;.zJ3ivMW?52yx5Pj44myUKS"
0,TeI9fAVrf3cYUog.zZAfFM3bK7IRvKN m8iwnIPsDlp?DiS
0,ib8HSgGdfzL9;6nKu gUdMPa7oAjHdj47sDXFmU?u?TN36a
0,M;FPHAVvnbFkZKwf0wOP967EAjSrDcSSa?4x7;63loEM6Bi
0,"5yMQsfCY.rXr71k6tVh03eNO FAn d0iJ?1OBZ,9nDJF61d"
0,TeKlKZnzOx7a6seT2v3yIwi?bTiWNeZzAfBaHd9MGIUMA0e
0,"w3sZxXy;UUXTUZj.om4aSmE49ljz,q99EliSW,M?3LJARW "
0,"X19dC0F;KYp,ap8CkdVe6OA,8RO?4FCbpzqT; iRXTTA6XD"
0,ns7dMzhE68lBFB1zEaDUKBIUHWVouS?HxYWqEuJEQw527nC
0,UKyIo.9ielW9ohxZ95X8vDtJoR50IfZTH.KzfPyBtenuSTX
0,uakIRn9aj3N.CjwziVPwfxIVUZrpeyfr2Mn1Je85HyJQfl8
0,kVr?uke.JpwstHgmiItmH;9EL6FehgKdaDcEqh1b4Bpg?cw
0,"I?0;Kzqy7PcO932u.X91FN0kT0pI;Hvz0Ox,ojHMbBnCJpA"
0,"bCKqFzApf2 JjxsQMg;Uk9W5Cwm3iKp9ZQ5,okM4znZPW3d"
0,"7kzKbWmae8NS,608hPcHdoKVOqhLeNyYpU9.Upz7FY4jVbE"
0,"BkPW8jpH0lp5Xntdovww7fQ.Zr8sSk7nTUFfes0?LZiz3E,"
0,"N8z ANjtmEz,?..yP2?RJ4PUc2sydWJK LSVm.bdbOL4VG4"
0,7gB63G.8OUKb6Ihumbjue R4iwtYr3iDvSkfeMWX7Nr7wzh
0,"eQPUjgq6SqZMet1MzVtk1SIR4Zen4u1N6A8,RAjbV9fYRj;"
0,tWk..Inoxi qVxysfkj4VtKnuOfDDNAJMnLGrB 3x0HC 8W
0,"nb;,T8ksgn1X9Y A4w70KBI1LqjS3h76Oi3O??pr Bs4Sx4"
0,"oU,.DKKYn32SoemEZGHEAgJzeLbx1EMg1bAd2Sh?sl s9Ft"
0,"vTAzDMo2AMJXbctfx5,uf,4NPRcYPmsAYD5Ovl7ws2H;Z,q"
0,85TeKXr2?7XAHLpGLQ7CgXKUkg mFWljG9;82r8rUw4fJV1
0,nCY2IxLpIlUBQ7HfDV9zBnqBM5Pr03lYVGU5LWpJ8R NS0i
0,"N?gSkqdagQ,KlycF49sR3eLBZQtsUSwB6vuYj0mGqV9ShVh"
0,QjPU2Qc3pP;bQnAjcwN1yXyzU1eIs60sCbh96CixO0nK1MM
0,qbuldfx MLbTS95hIuOc?Q.xnWd.AnAN09ivWLzVGGOTJgw
0,"9kuX5Zh.GzYHpOakUv u5J1YbCGvojsGR58XuhuCt3,tbN3"
0,"5HFVxtoyIhXXZJdsC2HpixYs,5XvNaUD XIvUl.vIh7tTMV"
0,.qy0iD8yBWbhn52NljrQY5hQITZDJ?SooJ4CP6kD.AaFXnd
0,"f.95n6gPoX QTnTPjjCNJVnXWEUlK1Lz.tZD9W25xXTyV;,"
0,Yu.1VWeeX5Rg80d QZkscyqKAkSUCaIFrQw?63AyV1;?iwj
0,"NSkuU3virhe87VkB58ck,DOEuMQOGt7ZfJdY5v YAYmE6pk"
0,ivM6v4nIsmkQSVloFUVoyvpSsb?fNaYEaxIGuTzaZEfiZPY
0,AQPxhQnWpN.vFNomHf4G9O;kl1vef3hDVWMYPmjCZfc77wE
0,"BJht5l,oyebGBMx4KRpRGutW2PSa z?fNbU68KmFfR7u,wR"
0,oWFRelXlli;U2QD gtcYvc.XkH9xP1WJ6j;bA6mYeejaudO
0,"Y6u,R P4NtiFXIvV0UUa9LlamYBIGw14NIJyDChPHKUavS6"
0,2ff2kxS;KBxoiLSrtWwKl68O.cWzeOxPGBIMaB99EVNwpkF
0,WnwRLodjx1hq.GE.fFU3h2Q; 8mqeJf7qy66AV?4L2mz7VS
0,"vGMLSWi0ZrrIN3b ;9KdXl6yLJ1,BJE5Ta6 UJYs?5.QHEX"
0,;6gaTUEUt67JeyV 4xhnRaHOgbX8emYz4NEGGwyRvIInD?9
0,"8B7bABmW,5i1V.NkVEZ UKrm,tDT0aU Jh.s21OWKI.y5y;"
0,obyJUSYqdmcwuKYkxeAzmDibMnz9cld3iDLzWVmPcOHcrzR
0,"xabjZa6tVoIt8j ZA668vuCe. Xuk4shOfXgErG89As,W1F"
0,ou4m9z5N8Qvv01JI8Ptc1hDYnwddcag2YjEJ2CioZdWS3zC
0," J.Zg8pb04FFg7027wUQxARIHs.rRpRxXFC1g4pxY6dGSfj"
0,"dSfiPCqTXy1x?keCL61rwBWCDwvP9FuP4D.vSoGcurgE,Dz"
0,EPAz2JcKhxwqFXNLmflBszI1t6mlh YfgF8eXDLdloMocdX
0,"Td3QFCIxK;absycNtTsaphz;u9sO6Ez,QXQ,ug,lE6lc0sN"
0,"rCf?KGCnP7z4fhq,C298WS2b5pRe02TcYSHDcRNOig?VucI"
0,"RHva?fnD6j353ao1rB7HIAIYF6rOBpyRZMvsqH78,WlE3Zf"
0,"4PvNbzHS,yFjfYK8cHJ;95Ru,i1jOcZP3cZ?g5c8bfP3d;q"
0,TQM3GW7ryrh;Me0bbTPDgHbyGe7lABPCoGBpwYrSANjGIfw
0,07EtLCXgwjGki?ZCwpF sdGeo33ymxibDRKAsEZc5wKxh6R
0,"YYKk9vKxtoUricGF,SWBzHw?fYTr1mREsNPSOqGTRqdTrM?"
0,"CVKjBCM?MgkVFgCkof.M7S9X;0WsH,97cze FaJ805JraMs"
0,"VJEGg1mXikPlHw.84WZdPHwYL,TJabr,NRAkT 708643lJ3"
0,"Go8RvCSN;RfPOxSJD;?1rJwKnZk.0X.20a5VizQ,1 L5FMd"
0,pS9Q1vCxsr8lAKUVfXzlVhazt1xBO8RdW?bE8PjUnuzo5y3
0,"ayARoRPz?Yh,cdceV5vfcW08NtNIJdrQfLYBRI7bJO0pCJ?"
0,"5YIOf.T;,D8D6VAHk,4ZyWZcLEyHNUZy8UJwaqIc0bcCH7e"
0,"f1CJvirdYXdeGmFKbzHffk1,w61KSBl8cnsmjkGCIcjLGdE"
0,"xI5ilY?hynQ6h40MFgw06LVtjE,rUQFJe A1Gzo6Bbfhimz"
0," ?YJm?XBNmRo RLpB,TZON9;0j9VRubgkaJtVe?3BbHgf?r"
0,";Ky,3T12DXjS,o2gQr2yUg.fTdbuVS4Q5T2,WOrPmCiuczn"
0,"mtbenwmoAsHI1YXJ,7sv6v,aX8yjEm9R9PpYTs0HJ1Pe4 G"
0,"oY4l38OQRDSHSXitPlawo1H6.19uV2r.Fc24F,j3pzUgshE"
0,"k,JqA5DBkKXD9 .RtHLNoUePZmubKUqPqg,qtk8p4JLBcCR"
0,"bQVBH,ssisIU7twyq4MxjD20;Smx73xvu5Zc0OxmEFTMO8n"
0,ddQ4Jw3QDDI6vpKoGlCtH8tM7T6mgwGa4101phwT4f4BZ Y
0,qKyYjaPndpc5H9Wh4oiz88kldFmh6U5Xrxnk?yK;GI1v7el
0,"lQAlHURPHeP0jK6zZh2iZXcs2qDrnC,.K3kb,q.E;xTv2jh"
0,L;.zB5nxK9kGjSOM335PoUPlu8Xap4EQq3F xmDU7gWpBVh
0,QMMPEEph1s41Pq.3K5XA0 NJ7OfI.eTGYgOSViHva?H;G8q
0,"4Mtd.,.Mv?80QVL59GA,chx3.bRECfh;adKzwAQS?v6rwWh"
0,"R?KK7HQ6vf9RbqCTIccUftadMbA0wlvrtvjm.K3Y3fA  M,"
0,",pKr8fvjvIz;4nRyoDtdDuLHqmNrOC?3PAOm2xfYzP4QK;C"
0,4;UAifTOLyOYKpxD7q5a FI4O;tDWbOLFYED8M4gXv;drbO
0,"a.coWF18,kFMXNFDxNSj,. fZ4uqWMTvUwvG8?e7qV0kUqs"
0,"C3KUcT0ixprFbHqiRAAfL.JWISA;2glt,tIVOjx.RKH5J7S"
0," YVR7qd9hiI ,akzmXKFK?8y?Rnhn pWxkjvYrEcj7x zD4"
0,"9;fuWFNGr Nse;b9gkK;ORx6QwokvDDVQqeztR6u2,OgU26"
0,"9ypsrIGFGrH0BPBl7uhw6SeYPz7E,d6;uP3gtsJs?sW;b52"
0,"?cNf?6wFEOZb2wzWNT17JgPNimx79I;xGbB DSUey.v,Tn5"
0,wKWEyjagQ0;rWsRpX8qpwOR1GYtkEF8jo yoY6yHZ4LJTP3
0,BUy1TUw3fpVgSh;lRkcp?CDLxFhv YFcjF.VG4a2FEnpEUb
0,"57oCE?99O0qgwyY9QcZZU;MmnBl.TbdCfBs0AB3NMS4eV,E"
0,"WqY5xW3O9DK2.2I6OVBOTR4yn07f.OK,ayfKjQ?FGTHABW,"
0,"g?8LjplI;uHcfAW2Tal9aimZzXs14;WocsYH,UX,zMzrWbT"
0,Pp0La;pYeFeyLVa9.cCuonCIkP?dI3;1zC8PZYS7ObgfTyv
0,"rojVD;jSw0MvKCmkxCqqJI28OYjf6b;gffDjt?.hSS,V4tv"
0,b8fHOmiogoC0cDra5xN1edV9SpFL9GBUiOApWLsTHT3Xqpj
0,ht4yrB.q9HJ P73ECr7v4NPPnb6;Pw01mllE8a57xaGD6ij
0,"U,uYlTruK0m;Whmxf0EIDXctA?ptG2y,KIZlA8LadHJx9?,"
0,"IYDbztc6gigP0qv7?BlENZ;GfL6rG2iE5ZkB6rHAA,MHFuR"
0,"Ik6Q4yJ8I4g8YX5?PEHpx83VS,0MmeFiG1J.DkbO?NdD7Pq"
0,"KImVCO0;tgLGn,9CVXiaTw0KXuWN3BA.l4rD3jz w8XXyrD"
0,"w2Zsi;Kn2BwvuHrlmW08;JiEJjR;,5q20yPwdLR7w2Ovyb."
0,"EQeMbp0UqDm7 0KsEjRN.G1UnHG9jO0HjAtO4HARg r;vR,"
0,g9LZxeY3jyxY ?l64kW PqO0psdU?jgo6Ybt59qjNBVegBy
0,"nj2?CGZ0ctj4aPLWPWxmnt6RvRHI?jpuHSt9k4 Obfu,rxt"
0,"KVaRm1Ho,9IXZ5QBMH4 tWmH3t1J.TwHFGUpVFo,CAGK,VQ"
0,B C79zg6IEZs4f4zmlkYDVOKcE7hGWBqponqXJc1xbzXgrb
0,k04zNpWMc3dJ.ZECVIFsquTNq V0lWqDQfkHQ6ZnjDp4d8K
0,bxStyPMh;zbxaGT.rclXVkGWYvWoC59uz?.?FeNeQkxlb30
0,"5.6f3zWGxa;?WEJTRY. ttOyF9FvcOD iU4sAYf,4r3GPcW"
0,"9WshJ 1UfMFZB9k1MoR3D4SqOgbs6g0rjIAWXrSLrdxtfc "
0,"uumc,nZ3yHCg23LtHj;rjsC2oFtvXRfIoNaoX7CYxONGliF"
0,"SQSmXXp gOR23R3v2Ox,q9BIvqqyzB3oIk9SBBNaeKpazmW"
0,"biYp?FOcSueT;9AYWKgvY280tqVQSuX5vi,?mYzxL7m55r9"
0,SMDpY?G5kXgMUbs.Bj3DbawYvCJB5kK9ryr8;fTH;PU45tn
0,zSrexrZVs95 Polxesm7zy9VczzBcmJ3sWvKKD7S7Lnd;py
0,"yh9KbV0LbaR9vK2xJCLOg1qKPYBujpjuG7,HUi.uJubpA I"
0,P2snGy6xfMXgSCRoBATcSVmLYBMcJeX5WTK.skggVFbu3d.
0,o;xwROy7TpNGUe4506gmkTq4 yH.n1LVVt5g.3Phi.nkJNl
0,"efFTlPu.UGG04oMdWWQT9lx?l,kKz9KyV6zET.ZAo14WXAL"
0,RLMaJlBNtTHyY?ul8mFT.1B9rP qZzK.ZpRkD2TdiZNbCX1
0,"p3Xn,pHou6 2nX4i.y9i1L.n2WpQDNdpTc07lrx BqJmbIq"
0,"CXT55m,aUEmMsuDev1zf,T4sels,ghIXZ.J50zSTM1zqXtu"
0,E83CGG50k1UA0AsnhdkWWXhcZ9Jjeu74zYKvK8nnPy 1;Bh
0,"z18gf;HA.5 hRjD8r6bH3UFFGMryI4jTIo9gwY,zYoLk6ek"
0,"t4cE8b;yWPQg.XIXCkMu,S7J;7.cIs4B.;F86YnJO ?3kw3"
0,"orgbei xySk,GniaH59vqvX?1J?K4kcp2UdoSgPaFxZjjit"
0,YsJdxcRtKvN48OAQTIvj?pslQs2UdHWPn.A.Ori WKQjJHL
0,"hnmFhUrFOpAeXaC8HK9SlljF5TjWo?hFN,yiHsjNCE2wTzn"
0,"k0n7 g9JqEDsPlK0ybk,XOaFUn2VZ?j0MDe0a0E RqPmndJ"
0,"8T7EsUFMaX8CHQpHVon,YkH40vQo;0;I1KT7ewzk0N1.fc2"
0,"6TlpzLSO2k6 TQJh2DLbmr808GOl?hW2XCak0Kpso?,E6RS"
0,"dq C7R;nl.4N2uTWUQM0Q0,9;P;Q0mA?VzYgW0aAUGfw9qD"
0,"ChRkSwbeI.d9EMxEq 4XYlpSRzU,W1FibGaet3wAy4lXjyD"
0,SGaWStfu89KCWvZOwhhAGrvIvveO1G5vWncm8kCTF3viPal
0,cYVY5kIgSLPIPmRLT?0J6WccSM?G;OoBygyKI;G9Gi7e929
0,"4hCug29fjcEgUJLN,Z gFdGEO6iF.0?wDUXd?g9,.5CaO.g"
0,DTD eEOqQKZvuNptR95ehMy9pdnzg?MnKg5NPtUxYc9R.9W
0,Ir;8loXc9ULaq.82IPQesBWT4lVpGpRaaJDrNuAnWF6oof3
0,"mRQqJTMomPgfQx5RMsWd3UZouW7R4wr,GReuI7u0F4Hpl2v"
0,"aWbyqpWrMD?,Q8MKk3ZvU tTGSl gdboeZyUJZSY1SyO2pS"
0,"kyX,LPRPAiL.m3d1 iibDeb4gLknaHwXl3DE PfTLY3aDVv"
0,"uavDMQDSJBR8XXyampYspw30A8uF;CJhtQFh?zU03,dHS7F"
0,i8UkGqRH7oCgMUT2o;27CufDdK.Vp N.T.XJ7vNHyRgt;Gb
0,"V6L0Q4Hc;R8z MVkA05deLdcSWnI,SxP37gIW57N1mgGir2"
0,",C?Uqh,2D5ZNS;bFFOpgoDiqf9TIxggn;Z1C,;YEGbmiX6q"
0,"l23CjPlfS;,pruOwjM04L7YESHuV08TwFHxv;de0JGfltxX"
0,lwy3SutKfyv0z4MImq8pQfUaD8JHOGUG6hzYPe.;AVQSoBs
0,"LCa;Dr,lVWsGQNY6v6Q4fR?WmgzQYZd?DAW3?DtIixl.UqH"
0,"B?ZlL?elp,QDDTVwC;,KRx,UpqsHEQzcxiqhPYk7y;WU5jE"
0,DRzJpD4E9h8lMFS8cJF0QfVw;ukap;so8e6Tlo33zco0kLT
0,DjP8sxzrq3rjRg.RdTqpc JS5IDdpIIV41Rj2e;jtmGaYv2
0,dim5Hfk6pwwEYtK30iYQSz15I7wWo1lVV79uZqUJw;8o1j?
0,"HNLAE9PalucW,Mqc47LmZgtiH;r nO80lhdYI;wmeMC3iW?"
0,1S4L2cDWKWa3TOd3cM2g9lrBWHp.SD5HmstyyOHp37?s6qI
0,M9kvRSvj9CNeo1I.;vRnwoM8.?erCvdOj5?eTTC5x6ApCza
0,"hhjj6KkRjC0ObGar8alZL ,L7;CnOmf7Axb8KKw6w5TuNGe"
0,"gwd334po8lHcQqh6glWotAzAoJf0xc3JH?klS,4QoMbCUsS"
0,"?NVoJw.kEMfqeZtig,h6CM0;ywiV0KW;79QVax IwE fWM "
0,"75,KSbST08ozaZAaQIHh1kxCcf8?cjNDdjNt046sxQvkBAN"
0,"tjFdSKiORn; 7IAtjbTUUXZap.ZDbWlcsiK1t6PJ9ih 5,J"
0,5.oBUXVGNGW9PZYIvw68HbRxheNq2cnGQ?12VTMH2Zz5MKn
0,iAHFtDNiQuImqIXhK17cxkkzvPXmJcUEEMlljUef;AG1bh9
0,"pV4SA8d;gtq9xIN;I1mfWeIewFAHvGBawdJgskP;r1Fm,J5"
0,hvGi0uusOUvZMJ?c28X7x jR Obx2RhGRbJoMa6ALNBtNrL
0,"7mW.BtX3FyN,Cciv?kob8O7Xw6koxS0UPxRyN?6P74Wszmd"
0,cGPTCYZ8SdThOx.eu;dIj5Q.lTrq1b6c;9lzqzgelkHhnmO
0,"hk6HmXUG3LR,PrZOL6S.oeUHuKeAXCeyOSm;OTMORuWnXHe"
0,"mY KC9WYS1kv3fvgPAbrbO25SlojgUiVXseY8TgjY8Q,mSO"
0,"V;5QFe lLWrETkI2xg,VnTD1HfgOZrN5F5L?cCsEhD3.yhy"
0,ipkJ4Bxhjmp1Y6o?wyVamV4d04hgQuYkMrqf3VXXFyVn8IJ
0,"Kgov1zkhN.BUR97XyeQdnbKjkT?E,C qDz12doeFX VgeWt"
0,136hwjmhyOPuabnt0W4nqZLvlLAeXs3oDJbdbXZZRlZ97T;
0,k NW6R3ED6koNrmM80iJQDGXk;v5V Pi2I9.QPE78Fp7;oI
0,ZSab8KcR0S.3iP6d3Ri4u;7XU8LbyY95mOF8X3wIdTE9nR5
0,??0HV5PxviVA1lB8nIo08A41uU8;0c3O7BDE2RaYweLE2c.
0,DMKYUG?mSAOObE6KAi5XIL;nV9lpEQOUkEhpY9 I6VmiKgq
0,"THcnyVcLXIE..n?vi,m6wf4.;mtcSq;0Z3. XhHDO.5JH0J"
0,"p7oXmtxP,mnDzLtld2yvFH64Jz,j3ZlHT?sbNuHvPPphjPi"
0,"NSpB,7jWqWYcjbchdDHinag tsTO1x9ebgnLdJFM77y bj,"
0,SXo;?ZPeSjstmV2GiBV05tNR1clGg54BuzhoBfnhFK5xO5Y
0,Pcbw0Xi2WKfEmTdqM7Lg9v1vMXJ.Ch4SOF Nz5Sc4SUzgv3
0,ev.X00WJdF64 s33idCWn3WQD nJ7o;i0 hpEE5Rgebqv;y
0,OxDyMEV26XJ93HNmBwp2Lrv92QfTLaZbUIpGLa.NdE2QPWO
0,"PLVoCVC1B;7t7  GW5zSxlaB73SCg,dNuMfAR991;vp5YtU"
0,"Txb OshAfGjHjkefBw aLvKsFcAgaYy,PooWeHFnCgUqBlH"
0,"NyiX40klIoBYRRvZUB705VuS,ktl37O37ZSKE5LL.j;XnER"
0,"XgCZq0gEIpmJGoffcB?.wOGR4.BoFd8I,Fr3RDTUHdhuBo3"
0,.Ypgi Ii3CJvlxPf6zXZTPW4WfxOb1T32fWgoxru;fTsbBg
0,"uz,smmgqgSbL.rpzUtXexzY?WczdL7b5oSHUirhOgwM3Tr5"
0,KU8cEDw0bWl2SBF?fz3 AF0dDi;G54Ao9c LjNM;AWg9aUS
0,"oTEqX C7kzov6ihRRQOw3,7L8BbDlbbgrmiREXpI7Cxg7e "
0,"fdC,jSLcE4dE303BO14 euLKu,qnRqEF,zXM4Pu1bjaTho0"
0,fC8D8i9MaBGA 4d;uXbNHKKmDXIEMQU2oVu3eAdJXG1.DmQ
0,"?65DzWdra?IfHzgPkSEb78Ql8Y,lP6Bdz2mOXVtjCd2BM9h"
0,CVz5k;OwVScW TLnpRqqkRPMh1p?yGsbnFBVDJh.Aw AvAM
0,tCT;oN6XG240XmzAc7B7Ud8Jhm1SMa?ujwBNgm?LG5O.7gP
0,"XW?UhPW?a3GDJWDajBbV63OdJwmrAggp2,CFZTi4f J3Ag8"
0,;Xufrr9YlGEZ0iwM1FiZcf5rR7kCWaM3YxWD377QdnPGQdO
0,1ldSNu7UYq2JKYg5aCCXxt6MIce5hvZsaFelx;3 .F7US9w
0,"N4,qAKv9l7qtyB a8RNIv vHyC7yjzI3wk160YsN;uxOGDb"
0,1hiyvpmN;6V4BYD7M5OO?ZTo42?LN6pMYMKTPlARyegd?EC
0,"9Ww4zn7zh,EWfe5doXJAD8;H8acphHGhmuJhSjhXc39DdvH"
0,"UB N,vLQ82u;9CsjAGThcpdy1fh0W.nE626HUfySHX1FGqC"
0,"SION?DhzgHtiBnwDFbGMBmyAH4GGgC,xIuiCome?VY G,cc"
0,"cOieKvfO2.FnjBAi8i40qFg6xlXzWgT,E0uJvEeLtZP;Qdx"
0,"JkP6eMlbLtM7,Qeq0HVugH3jecOB9P4s,ZsQQ;qN8kCGJd7"
0,"aD7RQqXF79la,671Td,C6 ;ZmyWqM7D;YJ URBZktofY?K7"
0,vjv0vgpay.QwWa5Y;4sTqjD?Tc9UWgQG M1NOHjO?ikIiKJ
0,"g r8KGH8J,fx33KK.J4va?LcZd PqzWptLdJ7 Oi6,g9Bah"
0,G.GQxs?9i7T7m5WtWj5ZN96WLRQyI.1SeXz.ZuDHoCBvpxB
0,;h?Fx7QmcSwoHy2BVbyL?yFkw0p0FDFjl14Wydj3wFNyL b
0,"9gyz.2oFw8emlvAWo3LxuGr6RLGuVcUOCJ;2h,421dWEK34"
0,4qfO?UCdTBjO75.pCD8zoHh89jP4a5W32PRZiPjKPfqQR3K
0,"7HggvGnugLXTAvTy871Hh SM,PSJ rtxrcBdmsm,llM wdY"
0,"LA,GyAgBNJU11oZUv3sTWrYP wtI2UsJpP6hG6jEMZLb1em"
0,"ZVm2 Ey4hlPjr?ijwBba,rxsE1LbNqtfaXgTp9aR4Bnfl6T"
0,"I0uUMNEX4.jcz,M86.U4ZQ3SSz6PCVi8cACR.hcCgmKbSgL"
0,"DD2cMGuqfzSlD5tvEy,,vSKDuq0GmA.3S6v3ZbVJ573gri1"
0,"yfkzpz.8NqXtr9CQnKs1aTOsyNWhchQdnt3,Bo01h4 kxnn"
0,ud9v7?6vI0d7Oc;RcCbfEjWGR4HLAvq Pev9jrpG8cLbIvi
0,bdXRG4VJzky.RdZVvC6zhbfPplpRqN9hgHyV2e;abLoSmu3
0,"CukwEPvbfns,pz3VLQvoGv6HbiqRz.7pKxeQl6d00gSA74z"
0,"60,aT.joGJacWgt09Q30EFok92qKMxVGS9NkLJL,wPPApEk"
0,"hfmoQw9fWfXqxDb7Z18yoq3hC,B9zzlgZ5YJ g K0x ju84"
0,ihuASmEDHs0R.GKQQsa02BEXZsBHsTgswWf6L.k3CbOpCjF
0,MuR4CuJ0qZRE6pqHQoOaEnydKzEPQwk;ZeCL JURfXZedVh
0,QinOLN?uOD8iYUKbQVNrbblt;q?sdZl0pGiNecCrtKVoPux
0,"IdU8coy0NH1x17OCCPr3clLodlXRi94YEwi5.flKTQj,1Z?"
0,"VHj9J,5VIW,5LVN.2J?rBV,EVoUbtug5MHt1PdNqaDtGo?T"
0,"H;6N,eSztHqd9gB2QygfHg0P8M,.OpOzDIuMkgZaUyLlaKw"
0,"W3NeP2;QuyM,19wCVXu1J5FWrkvzTJGSiy.ZlI65Lls;qh2"
0,WDI3NE0C;ayOWs8GXAGuMTB2JOfZilJuq.efeSpUr96MZ1v
0,E1jdUG9R2y9qL5ezDGCfD64VRkex0yFklX1cSN1byPyNqHg
0,ZVClsf98pqyH78p;QIK7vVdeMSNxpg0BglczbR?ML5nzFbi
0,XYDu4xWjxvL2tTekYW?Y60I pDGhq9TmbxtrqoArfN1kqWV
0,"yaW1 gTun,rru7?kApbjIbTQdNovB9JC0B.P,.BgV;Qtghm"
0,"TQWjakhX,3kDeg;ywwTwBgBxmWYonCYDXM1IByNjo?ezUKe"
0,qAedrgCw5NKlN.Z8EIzYWhFKdvhZZRA.wo1;7H930LX6K6p
0,"ej9HL,4fHUwMEDeBOXUn,.RWMsC2,ZgT9H;?ga0dW9XkoBK"
0,"7QtMYn2SxdZl;o9kMEo6HfWUS07Aj,3TsjRNupWmpjDDhx,"
0,lLxOoqic1Yz5MTvHZ yh?D8DxwKLgSEy.9qkofehFqEp5nA
0,4R983Ba;F4Di8b2c8GPkER10L.eenSx3dpWQo Ja8WA4YZG
0,"x0m?XSVn?ObWP08chlCQWH,PCl hI2?r?bZlHME9PrFcB7R"
0,u4qShTPjGAiD.2fqcB9irw;1;nXtLyjilk2Mfxixs7BTorj
0,"s2M 5Ywi11tSsSE,aqdKn,MM4Z8RqLpH7iDeWGtKidCYpqM"
0,xwfYpaLy0WL?1ffxUQ7n2jDMKX58Mt5Hx?wuvA4Z48r3nbl
0,3tI2nB JCLFic;z4IM45J99ruuUyrY7rjJ0c.OoFeIX?daJ
0,"XLPDeZwXfQEi0jtXV c8BBm,UyD53AmD3qep8DHSI20nLcK"
0,"kHiFO14udx..vfj?cyV0usU3Iq9UVYF6DSD;boF12Lrz,Td"
0,rNRKyAfUFha9IVJxNRP?DmGnpDapTi;;JSeeNz4ja42lsF1
0,"2Ri,dnb;ZV;Qwb2l4CMcmX4njcwfhcwD.avhZzcI6UTIoqj"
0,p?nW93oIgWN?PUStcb23wCaXJMx7jcpyh4dN4Mrtpu.EQ1s
0,6;Ubrrd7BRcVslUhc2p?64?HX2svHZNdKDrvgceYxU ZAoM
0,"Er2cfVcCI13zN0xM9cLAATW?aFMH2TMnXa ,62PrlmzDDo,"
0,K41fV1RZcT1eSx.cHt mXAsO SJBIchUucAmfK.3Wsn7FbG
0," 6wEyy0iT5i6HIcOsXWvUW72ZwoN2VhiAIUMmAX.HVtpfUe"
0,"YXF3ucwaZTOeJjQo3B;f,dQEuKObcmORRYPh8goWf5YFWSk"
0,.Wm7Z8iNFtidIkVsQl7.4G1vSD5WWMkL7PqZHRZzVsaEdgR
0,"8 KvN55IYuF sJYgMhS1D9CxABH,Ev6nR,Sgx4z;zQU2zM?"
0,TmW.ej95Nu59U7EWmlzetDUGj;AZv9n9Z9tt06Pq9z0HkAH
0,"RI46cvRrKw91qp8BNrBXGBuVfJGjRwN,ZaYQTfQfwWiJbae"
0,5CYncTI3a CXhFYpKPQVSn516WO8UwzuZ?K4?O3LkneUBVD
0,"BPAYD7CQI.7J,scoPon26f9BQUrawwEGAzljw9z4ocFiYd;"
0,"kch;ZBoNeB1PQBdmf ype1.9Y67dYBuD;W0MYrcv,kZPC8u"
0,"ebu37AACz,aANd3V?ILrKpfSBB4xGioofTF4cGtxp CV9EQ"
0,2Bv6NEsMai?IiTU1ehL7kYhPVCY3xEIlRgZ0a.Bf97BMIyw
0,"3Tm?v3RzIBMGrBvcwnnPvS2FzUhtkvD7mga 7C4,W2c15Of"
0,"KTcH3t0bnsGhMY37Zn9LeB9gLrM?OQ8ExHF,WJmF,jY9NG2"
0,"5Ce5yYydRGwO.8ZB,T0jm51Pcjyq7RAkQSjqqV1NKBbr7d6"
0,p1eWVk?;cy1Q3K8VvDCydubfbadU0KL5K1F2EGql?IoN6kV
0,"lRA2oMxKUCO7Xj9I,MRz0fb6 IRKYg8xsCxJ7N5OWRPsZ95"
0,sUHz; yjP6vfGMFSWjxyEMb.v oqs8UcjqB8D uoZ1vvygv
0,"bB2,zgrE151d,20?x7.GVDMbmgC1wzD1H.,Fuc0skN  nYz"
0,F8FUg2nzHlxlTEm?mQdJk KgR3kjAXrb7yh.n3OARKIn.aZ
0,GfFUKtrssiuUNN9jG0Lae2tK1Di6f2ujR6bMy2Qe6XuWnPR
0,"9BoKdgnsBATzP g7EAXo3dtZs14,sN0Bezoq.d at1WpF.u"
0,"Q81.CV,tG;DopL ;MA3ovH,O6tc3WGrHmuyjWQIq4;HgLyH"
0,wOkCQYrlzBADcS;1rrPRmskJp6JQKtarlkI2P1mCD3O?Xae
0,"CO6ZGM4OgEVfMmTxZTvte cWxl14bvhaU22,WkzDk ng?eW"
0,"T,t8Hvi FulJDP7xHt0fiQoIG.JAIe6jbX.t9XN0.M,wiWe"
0,L?lT8ROxeJRBVOVJHE1gXrA0Si3gHpgnvfQHhDOj.0H9JxY
0,"S0htDY3kPIkEa 9?ku,6rz;4;foj7fBZUdWaG0vB0? ?KNg"
0,cF9DHnvu1ivS44Lsr607xtPvbK7uKkDhIrEhNRIuXn6gTwT
0,"7M9P07Orv,Me9pkYDQxJbxrrdnGuhrt2NatyhMhHM5Lw5?l"
0,"VA3.s,him6B4guzY?c4PkQAQH;lroT5w4G3D?S?bUXX JOu"
0,9W0VA4QJG1eZGIMk4oJmaXpx1JH7wFrvxOOgovsfO5xQEFL
0,"uDL91Zs5m5RETRB048qRJ,.UtoxiSE.1vKnB49d3 F19GTX"
0,BBvVr0CfKon9AeSsSESNRIrPFEKOrnQAT2r6COQLAPGsw?5
0,oqjgWxxG;M2J5cPYDtEwlzPHEt2yWMsBsbJ 1GrFpoZ16gz
0,",q9D VG?3qaprwT dr0,;leVso6n3UXJDqylpDmJ?HNlw5t"
0,"?R?1m8SGjz8BB60KMf0Ks,iSR3GQOE1OG54e46gi2m8710s"
0,17WiVjE6QJvS1R4mFobTGmZhH7KiGJyvnPO5r2kToIgU?DN
0,gFWTei;pQRg.R FhGpONQ4;3CnWqOkCOaL41a9pssq2;mv;
0,C DcLTO26p H3aMrsmok6JEX1G6K4fi4.sVNC 5VEA3BK5i
0,"E7rCj6Oe,w89Z;5C7oRNzbIWUJ,EJy8,ey.8IETTD ;ZChL"
0,"wypIca0Y2T,Huh8DaJHlKzybNMt?yBGx7FyMHSxjoVbzgbm"
0,uYGVE MpG61Z.aOudo9Hw;u2nrQoVLqYAr7pmsb58w VHmp
0,"?G59K9GNB67U;5l,wN69lyML7n,dw.5bY1YyYGUnfJBBnTm"
0,KYI4jZoDXV UD2j?.lFcIav0RjOnCje6715w9e3cVTxDOlt
0,"Q,4T4erk.pE3GUEQG6?YdWQGgnHv45aCWL k G7;6IOKH5R"
0,"bk;X.3LzSZQ0CVk;4rZMg5VSLGdhYwhjbBvN2E,UEw.kqKr"
0,"lkeVCUpl.mWdfH,qazpNu6K6p0Qe906aW9bjuILAYV?MZLT"
0,.hgsBJUF9fKXRUuYO6m4c0n3 agP5gF1w1xCZhltTCcijjp
0,oX7EC1atYPbx0lEjJMjezOFO15rceenUqZNyzWOoymgDSsK
0,EJdM1LXPOm8Z5aoOODAlip5BLg47JcmDnOxMzf6pH..IDeV
0,lxF2q2BmN7OjZxk0;SoAZkAi04Rd8YbFCUNL5SM4xwy?w83
0,"n .N7VvqqtX1ccc6Ng8,3u8iujziNMkcp3Iig,Ac A,0nce"
0,U 80LR wOuzBciZgfbiaPGa.vMikeBfgzLX9pUq4dgNk4kF
0,"fkw?9jIVzRG;;A3zH?60 w,h5?Ujl4uq;5uUdFttrGr27A7"
0,"rsUFa.nB4QodbSutBadzutDMAam?sP,JQOwdzeAl4D98Uzp"
0,"1kpA.nKBEeHgK,pSuylw4oJns2zk.CPr,c0HSmC5PglX7KN"
0,gHoEavZ0Rl.t3piGz?Todrm3;uoB rY;Al2I?0g53Pq3572
0,7wPlNeIyaGTcxZ8RAiuwJg6cxDKjgOHRHfxYPXu9fS?tHSt
0,"xGGD P5z,i32LkgQA0J7aYqkpS5zbcdJPuBst68ENC5fuG3"
0,8rtJgty42 IpWEPn;4CM6ju?TCmbL0xq5pK3GhxkrdLS11A
0,rdI;n2uON0E9QUBJur?TpuBZ2naVYvJ9ptmi7Cs4Ps ltbc
0,xGRHufQ66Xmz.SK9NnPWmf8gTekR.0M5LPPuiChvb9ijWxx
0,EC2UPJxWsEPDYb2lGpuwXryWO97Q3.gOQ.L;4EKHxANgjZV
0,"buRqr,qpD4Q42gjc?Fbc4V3Y3ynC4zCFCtAdgRyUVFEuK0Q"
0,";E40PBIHo9nnHaLN82sL95ywEUixxEqxWWFu,4gvuwGAR2c"
0,"HOrApyli6?L1aBS?v1,MLmDQYPcJwpj92BOFvy6R.6Hs3tN"
0,Y5gQwd2iRQ8VbAQJykQef8dOibBHAGfcPFwl.Q80AF72RJ4
0,"W?QeD2V5pnIwGL,KBrWX958AK;e6Xacn7zvC.XATuNfnNLJ"
0,lebEz24Lie j6FD2pJg3gERIAG;O0L6bdRgGs?XPibGJPMn
0,"AbZZMMislENf0xe6Gt9e3xiBkWaT5E,5a96roMkAMfxJn.g"
0,Ka2tvnzfnh.IylGM6Ooy1pbQ?FAWoQI .AuEuqS8 UUODHA
0,cU.2CL46kI9JAOZ4K3zLyMeHLGGizAe9E8m6mBMnFmA2 Yw
0,";gccP9KoS;zKKY5t8xCwfBUUMCOmm8TV,8vNcb1ckwSDMGA"
0,fxIHta8kVCmJ0sSGGE7;lZVaNTjr 0qWAIE0uYZq5GYBR U
0,"rhOktFuR8z9,??dEBeDcqug4xVimnPP4Y0wlQka9g7VK1EK"
0,crOhTFAw8mBtQXW87Ke7ovE29ms88LQXqFeurO5;0oH9 Vp
0,"g5,fM8,otvCEOwW IhAzinhQLJs1iMqSCNW6j9RpA.fdSex"
0,QQ20Q?bjWVT56ZRZqWbZ6YoNCX4xQoSoAHlssuuzwPzBDoB
0,"PnNPmJqlqjHGHLrFw3U,hnNuUzL;h0lqD?TIIDZw0BuzTrB"
0,"IXVSszZXMKJhs;DdUfyVr?wo,z8,m7tFM 67MZl2JcIiGje"
0,99ECHvdRdjt  8 wgxhaYfRLGeboZQKbFLGk4dlg3sIbLQX
0,"cfLnBUE gD3G0GwwFO3CAgLj62A2I,zE8E7AWb?FmsaA7zf"
0,"qA;TUfO7VdhWoelXkxSC6?.eGS00?FfF tF6 5z5Rc4,0lk"
0,QPKj1s0.dtNfvuI6ngvPGBYQix;cZ;OZ60KHEIXikr7m0mL
0,hL0uT?k?ZAQhI?cWb689f4YWyKT2yhvQYCn44OOnFopPXhO
0," 0aIQdBrlunoDxNplEX9mrL9yC4weAAtP?tnxZA8rbdS0 J"
0,MUm;fWY;wRE0Z7aieLo3Y7D76qylP989ZUlMcW n q;VaR0
0,"FPNwZ3yM4FBf,rDJ.WzJvRozqwPOnDzBoizffpd6rt5Scu1"
0,"3KhEMaJwZeHp1tr2yLTR5f?1eNXIFAgWEx,j44UJdQ8QngZ"
0,sS6Jj; zOg eSL7QbyTTY2HeQoh7pCAb;vKWSkyqn SsAID
0,"jbIP1DaGMKi,PXLoTra;3VfeaYXqU8vOYPfI51tkfTewOpe"
0,9W9CrO Oow2hhouz3Pcc8p9daeYEFFkHMeyN4I;033zCmH8
0,WrIrBIuV?7MxfLaMPkEBM8;kTZlMWXxb7vfIpV6LJ3GUoxt
0,y5gLx.ptwrC9TQasAj86SLYYBRE4GXeDr5tdgFLOne5;GOi
0,"axi.TyHDQz9lOWCJ,jO4rot1e;NlFge;y58U1yERKW12IQS"
0,P7zu0wlkoEVv3.c Vt7dQc4w3FT1vfzqy;oN;qmhQ ;7SaM
0,WytcJXHcJP3OIHRf400NdiKP .TnVyXLocX5ket4pAi;MM2
0,AAGmvX?nfV1xtwscPuLGCGvJL5JcNJ5nngqY1VAfp086Vat
0,FtI8kqS?.ddkYmMtJbzLBJ7l7DevfgMR4h.G8;B9w3BhIen
0,jjJIe4 iZsMbmH4?rgia?LQ1NyLBOjCjpcNIrmIwAmjeEu5
0,tdhzH2UfiFyLiC87RBV4.4NNnna2F7UQnEcQof1YDp0f1m5
0,lry02wH.SuSUPOuCjrw;RXgKjQRuE;fVZFBi3OqK;krgo5e
0,";ank1,AdWiLvQEz c9VFOZKBe6mE,w0AGifKp3hHQ?VGzkA"
0,LubI3xuJnZdOPKgGONRPa?vyY57gb5F9t0pRQThQTwaa9jw
0,",mM?qj4?1EWcoZg.hCZk4DIw7MhvS;ClH0x?YVZyf?KBvMP"
0,LmZARSbjDJ2JQHLXVKEiXBokvPXPBy u On7WZQgk6p0I69
0,"ai?y;WVSxS?36Rgs6LD?P1n.sPBz3cUtI9nC;F? ,cmLXw0"
0,"DNuePMv6nLhN8jni7b?i,uBzrAdapH0S1nqeT,vovOQIxCE"
0,"c tBT9J8HHyjv1oLc9w rye0z. iyKeohdX,hc?3FGqY7ZX"
0,"lsMO.wBbwBl3QzX9NWNk?hCUW1Ra2ibUKTRmW2UscU,Uk.?"
0," 5aBMvG5;SUgyYk?iBpghyRvfhTG8wUd1rwXCiaWjejq0JS"
0,"QaN8CA?,To.hG;ii3Z91eVjF0HReymfhW5hV8UJzPgqeBL8"
0,o.W?H17InbDVCjb;aG61KXvcVpbnYgTM2c2i0G0cpmveDKY
0,"RKB?YEPAoDTnHOxFKK;LcC3,lmcY6jB3G.mZitPdKJZsmnT"
0,2RyR7sYi;Ce0Y5mPCKxeYlnPlnNUBr0TCHcUKJxXI37tzE?
0,nVwOGynNxL3og1D5U3MSsdwaEqa6tAHotIjmGzn7HRrG;gW
0,"6F,7Eqy6nz69Kb?LWoDCAgitSeOoyJ;;41TmaVpzT?iLXh7"
0,6MBtfR??Fq?0w1pipcoX1Aal GnN2jze5ZDLbBFU .Zgc5B
0," f.o?nzzH.oTJ9im7vja6hFoBXx;KNrku XnssXEn1R qe5"
0,NJaCMNy2qIWDPBVh mW007LFAX;5c6GNe5bQvdTT6uUe0Mv
0,YupZmLtXdHY4IhA4Xt2E2IY2tQqAICi u7CHyDizPT2SC78
0,4o.hWMmb5nQP;8nXAdrl9Z8l?fdCV6daUnk5BiOXjja0LLj
0," CwYyl7HjcRTMzJkE9 3k2dIl0BPwANUdVO90WmSOIQH8yw"
0,MhekRR;oRRBTT8EURnwUn8IGcinMOmnxSJs?M2m.S9ordWs
0,fpTmbj0xTKUF01?0;Q2dV;C57KzrZp2tD5Bz3O7wfmUNagk
0,"DV9,Q88qI6oPUUE7LyJ02mQ6VUWL7AJ?.XsruDbKGHMokwL"
0,11m7SppPtmRYBPoH80LW;Bu7hu6ooxWHux7e.k;z5ddnvqi
0,",MYD.YQ?AuSeoNURWpsigiKrFpCO5zeLANjcXaq,M3FBohb"
0,Z9ez.k3oqVLNdXoNUNoXG0qFxaES9qc6B;ipcO93Vo;R9Xp
0,eKa0IK.Zeje4Fs9yrV9F7KK42aEt53Fz4vjcH4ylKHiS39g
0,7zITZNckNS8PzL5NmiwYCc?YQT4ZZYzJUoRKN0vL?38xe1Z
0,lr0un2MGTPkZLT z4DGwcMjRBWzjdQgDz.S?x7h?i8GJHzu
0,"cJpWuPwyfqVW,nm 1mp6YDqcp0TdKmC 28sOvqM3q0K9luP"
0,JRbFXF7r06fp.F4fnNWZ0Xll5d.C3pF;8VR??LiN;tdIBM3
0,n41lp0Zlbh0hAI;vf0YZ231;DHpb6C5TEw67XoTA7f3mnXn
0,"yu0nIpB5HD9pJ?PCxwUjZkA.q RfYG;neXC6,Y7qlngL04T"
0,"JEz9Dq,hL3v6bkXWcyNS9l9iVVUm6ZGG,U?ZupHJkn3En4h"
0,"Qh,Uqfo4BEWmwkgKjEi;Xt,lBRpj20wp8SMZbsvX,mE7Cy5"
0,JjXAPBmcjtOVCtPqtbsUiCwo40k?ao0kfTOoOhH1mAkIgqt
0,ys4db0fYqOeII7BPjJz;j;cfNAPudDGBRJuwBlKR;DkGrMx
0,mKtEnRRYtjWBolerP3.uYRRjkbtKfctq1H8J;ek2I8M4nNu
0,"gpC?pe,C7BB85pQi?.1FYwEAxX8HlrYQhY Ru05 hhVG9,5"
0,"p73YAe1r.xoM17VWvDk;x74FO2qZ2Q1NViPR1KX5ITH0Y,U"
0,VvYcYAmZP5iAncC;KQwRxyB50Trx.kCUBgK7g1uo9v?XIUH
0,C2gD32l6FQ3z9kACMY9VO?VN1VQxZApGcZmC9;WcWuuGAXb
0,"s6. s7pBdkVtP,6mnqQsEI6TT4MZIiN9PrJqt5cRIjZUuRs"
0,"qYLD6HbpvAmLU7QJcGXbCG4 Xt?,OmV.YJUGf7xHcPCi8zD"
0,"u27zApIRgkOqG3Kb d?uZYACMzxH?D ,gcqFRBa.lzSP2qc"
0,VCoAutuOH9o7YDxdShNY0aFisC.ddUgvEpJLFnOzYVaK1jp
0,sphMUjkBe0Oav1 bjInfmVaXvcUUfOSrlZqxrTAMehPL.9X
0,eqDbdkerlxMJ4SSVIl.paO.YlwnptQjgI57dnGjGDZ1;jW;
0,ynih9oFiH.wlbcLlOSX;yxJYhoSNMJQnTHJX0oQvWiH.V;N
0,0CkE;kALvDl60NWVN1Zl5pk;pFtMeWvTgSb3xzd7fqvdmvH
0,"8S8xhsE7EdCuYvsfGxm8Wr?rETb,cs8v ;OeZ0LBdszNdad"
0,8CsDOD90SngCU7;zROQfybaHWYdKRBS9okF3cEJ.xe;uLQ0
0,vjzpBv;PTAn YoPPAcx9wBLa1jeBhzytpLw8.YwS7alor f
0,Won;Q1i3dzB1KybDHVhQ.Ls0b3AQpCDB V.bQVnQOewGQBS
0,"YhptSmi7GG1? 5UPlqakxYwNEzWMj xx9,EAdZIdCPER4om"
0,DRRZvD7CLvXCHDmy 1V9CAVccpVXaq157OSy4UNSngS?LNw
0,"AoGx4KpBc2eK 6ApFUSNM?mu0khd2gOI;9,q4W?YHOnQNCO"
0,"zrYY6N6xnfDy43veNcKF,AC91qqtydrGAXhWD0Z9?Mk8UR "
0,"C3P8cERJCx6vI78i1soM k?elMgHaQR4sfd?j,fa96y9sis"
0,",U4sw?caAmnEKypOBO90t7zX1BOZwDAYvYYFY0HAjkdWFEr"
0,7U1wi18WKqKD0z;GN5gfkmRo9nc7Cj9S2ShN7GwYfB?IS;O
0,"f5cMVILRWtcG,euYhkN.qP ?m zmEuZJ;?XKbNfjLZEXHt0"
0,EwpKqkcckfFn;bj1XogPwe4jpCuBaq6jiqw?lIpZhpa.t1G
0,lTwE5LhVrq1;mrN;7;ZBA.qCfCf2?NGnkHJHcH4xynpvI;V
0,"czPkPJcYDWLxo6owTOFewO8,qCYHpb2,fs.ymEH5bTPVSCm"
0,GFX1AfQR6ioDpwkzczs48aXQdj?b.jcCFk;nRvRc;77hETV
0,hyao89i.dxQDnWTpOJn3JgOgl R3NWXoWvEoK9c;I.OXLMa
0,"Dl8rQM3On3QsO9VVF?rEM46KjgfP,WAyBshkUuBFxV7Db,J"
0,"LTday;b6RK996ZW,HDSKptdggNETXbf9pKSHLVILu6QaIWA"
0,"byBmf9mvfyqVA5SyHxR,lqNpk4XW0ENeUuyJKqfkkKs;UeA"
0,"p4S,efXipksFn,C5OS BJt5Aygxc064WiB.g6zxYr.E,por"
0,NRpFIhGY b;DnjLIqJDqsf9SIL0Kxho3UkSXAOFOexIIUoG
0,48y8WpHGtrQi9oBW2?TOiZ1huITc6QUbmImvV72TTU75smP
0,"hTnoh7pH1wR,mMDGUAwwwz2EeoaRjz2MkoUPRim8OgSh8fI"
0,"F9E Zus8.Z4Btuhq 9Xe;,NcXCoqLAbnlT0?G0.OySVwkG4"
0,rPuB3 reHFhvMpkzDxogSMtR8RYuMCcNr2eb4 zKzBXF0V?
0,"YlWws.zmVZD9ywrXxFQ;FB2I YNOP5wOGPyBRDX5qxvQmP,"
0,"5Hx432HRGq;9vvALQZTyhvMfFA4;GqR2F9esT4H,IbsT8GP"
0,"Be2,KOtrFKzeTvV7uqMfnE5BxzPE42,cFoa1ztoS8z FR14"
0,"q; l0swu7pkQUjiUqEJwmq8mT9oTpgUmQtWCQ,n6i3?VLz8"
0,"BJeGNXEPP1w2qkJigdT0FzuOzGNfhbXsxd a,EYeBqzWf1U"
0,zBbC88q5ifDSbxXhXWuEQVr7HU6PDLjVNheNPh8ync?Cjg1
0,"TqRKHT8SeBnjv?lNyA0zG,gMlXFW?6E;bHqX;mY8lcGlVkp"
0,"Opn?7yixohMSzpTqHQkglyG64HN8ADOzx?CTPjGg,REklZ,"
0,"aVqC8KP.8J4P7dgoZLJxzpwogU;B9WjC9lC;fDH 7Gwo3d "
0,6yXwPyuxbXejtA50xNe;uOT7T9;IdUJONMunQI;c5VlF;lx
0,rc5ZYhy5229VHte;XhMu4W4qhytF99QFD6KWf?trlkz?xh;
0,"t3qFzKLR1lNJ2yB7dxcE2,D2 dQzAd9Jni,PPKo O?Y6OD."
0,"N8i0Ciq;Rj1QIvcV7z.62WO8YRYOrAIoq.Qss5?jxD,TkUG"
0,"8;rV.l A40E53Ywe7Gyz5huWiEqlv WA,.0BB6kGkEJ;R75"
0,"gLAlVq,NMbxprBq?XvwerBbW5PupT,kDrLDbPsQ.XYYUTy4"
0,n5w iRh7I15.g10sxgX YelQX5vq2g2PagMWGlHP40dnPVF
0,IaFL;6J7c.ozRdzaU1SMzOb7?BF7nWzeEZ.6s3AYWEC2CnY
0,"X,dXWdwpE2f.k9fbLuO1VTX8Ghoz;rRX2HP2ecEgkQNKFj9"
0,"FRvHfvC2jh;rd8.XEItFtCrj3a,fA8 Y;,Fkc39nlaEngcD"
0,7snwx7zEk4JEoJUu1YAnor8DH0NjhwVfF.L7OoxYrBuzsyi
0,",QYkwgNQymw598TFr0P5A .d EUvRyT5kMgNY9shyJJV;W1"
0,"GlPAAknuovau IYLkMuFFiwpJzFtPkhmh U,c6ktS3N3?8K"
0,"QyP8XImW,Fl4r,pWUkx.74q;8EP;kOm?JvhjUx8Q2PSnBmb"
0,z58Jv7S5OQECCrmBCCDtgelLxv.Hyy7OlhUktIPwuP?T4ff
0,gInr41180mDmlBvd8KXw1eFH9GeOsJVfmzB9tkMX39ANYO0
0,"yZ0gsa.?.y70Iz,J?JREWGJr?TQ,klg1xnHSFBqm2lI L6A"
0,"8.L;mN3P MdT,7Kqbaxz1aQ8b.Vqr8JKuOr;Cf4EsL7e7DI"
0,X7P0D;o3Dm1eiuFH.aSD8EM10Oh;Q1QNx6J4a0gOvjn4dar
0,"HCjajDB7NPLffQaNUt3PbOw2MYglBRYSoA0PdDLSipw,P6;"
0,"lw.? 8,Rc7AxZe??gkj;hZMZOny56CKMnv2yl9ZNGXkF PQ"
0,"o.3,eF,aEwp4LJGi.WrfplUuF12779KI0u,3?MB0P4d5k3z"
0,wubauTtZFQHXuydwfUGMhXMURASFrlRNksmOSjuYtklIr7V
0,U;JrWsWDNgm6djjZqbpRHFOE7tlBoxurmEKJ60P68NMPPoq
0,"HXPtrkdi,vMhVCd8LleuFjixIdankTn6PzPwxSpcIT7AdmX"
0,WMQsv;HQ7z0raH.uaakWycSLZPZ8EiUZ1EVMwZ0njAU7MA5
0,eZyOMrhv0ae3UWwz7fdDeT9rElqQzq;vzyfMu7bIpo2mWZC
0,y0Y1 .brcjCH2nrx7omO.LgBrZcb9KDRc?6;UCdRwiK7;kG
0,"inYGf0Z?8GO1zr?Kw6V4O4 qi ,TjSlW,BQFVdvdFhDh1yS"
0,"XL AL02nLCOlbClo p ;yhnQb2TIhUD,zZZ .dUKKWdS91X"
0,"luozVt,RLM3etjfPQ.QNVMhJb.;EMQlSjfEC?Gd3ZS8RccG"
0,SB?aeTR?EThTSiLPFJxAgdamE?lNlWgEQNcsDZzipO1PUIS
0,"QZNrd3boHzn0e1WCVX ALnP7kMq,lL8BbJLSYIEw lez;Cf"
0,OY2AqWgGnpx7aRfl3AZTA1JwdBgKSJYES7ti4K1kVBAyMHz
0,"scelw01wXJMv Rw4ZkPyNiEBjkvm9cA;8U1;jK4P?;1q,0o"
0,"NrsUgSGjxXCYDlHY wZwYpBP,fwUnoaVtV8Lux,HdcoD70w"
0,qYN7x3 p7 2y?9KnzPy yunKOHm8gNkF5Drs.HZJvZBlfiD
0,"B6A?KuKgnAGsA2n3,hH axdI5srdLl Hb.5m9xpkcFexwtd"
0,mUCfn6x26KLDvidD;Pg2tLA;uP6eLq2FrxSGtKwCSdn4YNH
0,"3K4hgi6ofR0gSwA,2w2NtV;WGMbM9L2VG,w?3Ust4,Yc0;."
0,dQ;R3702Gj6?DEudL7lcF;4ZfqC8R5LoDjNmi40hUxAGNzL
0,"gLCu7sL2j;Nb,hJ4tr3?o?86N45UF,ToWq9WB.VOUQMO.W6"
0,";B2h4;W.D1yHurDW?,5,xPpC4NUKnJFaCwL2O,NpI0ptjhK"
0,f8NM5DH6hTwE06XPCz10kb5ePOfpSe2IStYL bZHzSyb cc
0,"4JE.1s7x7Gz,rC6QM9hWtiDNB0bGzZHTp6Bg2wPZCVKgI5e"
0,"lrtb?F5DnRGTppFQIOIm4RQXX6D8asAxw4g?mBwHtXs;E,V"
0,".juvnpSk52W9 mEK?Ky,?F8 zbQ0BRI,Ps4J;1v9eadK5rC"
0,"GCS9svAoLmnSplcViiBS1r W,XBdhJUUV8qz9ksl0Bg7mOq"
0,adVnrR00ScFF0k;O6PamrsH8J5F001ADCOZFNnIXW6iGBtz
0,"sJ4zjS6fxwQv1OoxqI84pCk0lSfWDQaxRk2Lr,l3MVsxsNc"
0,",T;v;cp8Wj2J?qcFDrcpIqNOiEUeGX7M 19O8cO5KTQ6Gno"
0,BKdACb??R1PNRUSmLJD?PkmSV6Xqa9CzdKkiC9MWKEJrbuk
0,UJlvKgF49k2u47os2mE5zqs7T79GOC.ye.yrYLoC0?EZKTM
0,lc7PcLBQ8vrEDleHWDTN7z?71WtY77YcNpkcymzrPRfVDyQ
0,"gxH52w7vJCWFT,mZVFX,WCVH,VoCRSUjw72lj?5PzO7HD2Q"
0,kfZuoOECl2p6bmpDAPywA2HfwOu1TanPWaAotIq.hrd3a1T
0,"hV5vyej,oWMGwY3Xux.J8WSByJKh?GIuffUtEEr5?SX1PQ2"
0,"T3t 2lPQMXIEfan0WMr0pOL,SlQENk1iBWSo1,bpAXxMr9V"
0,"d97fGdaAV.6KKKJV;MC7ZgMZj3fD5kcw,Ga6ZiF q;epx?s"
0,Uf2y3t0wg1B9IXu1tA.Ji.CKmZz7UKG fc.BubAaL313zp6
0,"gtb0qruFayi,1?I5NJZMBRSnUhTHZEERUCARatpijw7ZL1;"
0,"g4DGOrMgE0HekC5JQnjsdJVi,1.za;RG5OWqRDy?jHuJ YX"
0,"P0xOWa8v,2SVfZUPRQMfJp9j0U828Y21?JU0yHPHgKmZ?6Q"
0,E6AIwSwxjLFfD1pDfv;RSu1xkNuJyWU87RyQ26kObKwxnaJ
0,qb.y5U6hvTURjeBHl;4zNVOLTAQacx4fkxYz.WPXEB1GjAo
0,"jq0gm0Yq5o70.BLj?IbBFm4t.7WtWakC,.h1g.Bo6Slnz;."
0,"YPyFtE5nzirglcGD;kw5,0pAn3F3X.Wzz54cepMjNZwwUP8"
0,"RkSLigU,q?;hMBqPTqOxyL,YKqcaA1hK60biikQB4G7qWvO"
0,DMizu9ibNyrjyxt3qy.ZF7?CqO57j1 2edPPIftRMl9n zK
0,bQMlydlSpSfRorY;5ZZ2eb 5OeCH6rF4dcEe4OLQUF9I7sC
0,"JgUq5jV5OWJZY7qwbTCUu9d7W 5EgsEoG4ehwXHFj, Xm3w"
0,"cqSSZNU3b,rgNMwAlkxTZ20g?oC7YocqqxLKL1gaKkFfp57"
0,"7GmjPdp9f9IEzICmplMCwk;f?SA,EuRZ7iTjAVcEeFNG.MQ"
0,"CZbiyBFQXKFEsyiarRpK0qx?Jy?6Mg;pyFPq;88tJ8N7,fD"
0,D34S48QgXv25G8n8HACctd93qN8ekAVpgzpznGlNpCn k?N
0,"3IfkLm5vglacuhRvs8z8WHJzL AsCIG.ryl,z0VgMwZ;Rk8"
0,"mmgLF8MsrEQl9bxD4hjROkW,YXshYMrarfKhrw9dx;ku1h;"
0,"63M1qPKfmpWFhY9j4UVFABvvc;PyyD,ifHeS7j;MbgoaHJS"
0,"l;NU.5r q,8VLZq9RgcAh5IDYUx5ICz f748nCK7xl5cnIB"
0,Tbo EZ5vIk uOAt6itNDoVfLjNv8 O3gQ5.sYvzkTtJJTc0
0,dEb9LPl4w2sojVKk2rVlXeIgFJEX5sR.feB2z;ZwnRtSNuU
0,aCroNJrqzrBEyfo8gY13s4pNb4hMBwHEossw1m u72xAsbi
0,"5JmUnQE7,1Xq3.D7mCKYjNAcLQ50uX?R5 1AbQYVjlsEEeN"
0,zOZVqzQ7FTCjWcCO2DyVYiRncdXwxCOYZHbWoACUSNCuBiM
0,LleyQ.SPB5bQZwHLVqFWrx1kpXJXibQcLr0tcrB1vnHPV1f
0,"rb8qIHWPjzxz3BhNe;zx4nusQ5ER7fQ7hWmr17KCwJu,xYA"
0,"ZGCp46Bk I4XteMoNG3ByDbeIwXC3HX5IvNmhK,klK6Zrju"
0,SgVBm UC?Ecshf69roySUYzaBR4UZWeRddv Dm1U0jYrcEW
0,sXHGshporMt0bHltsyzQ;HMveexF0tL0jSIUiVEXRe.Tr9o
0,BNy0R0SiLEpC7Yav ?vSlruq rcBaDDh;gGSo A.oiZgVUF
0,"s0CtB4hzqk8AC.COh 8Toi.IkejYQaDWR3bfACUPKMTH,m0"
0,"BDoqvCIYY710Tx18tf0d8wpMSF0G Ci,RM;TjTqYBBlgEgl"
0,gMeGH6P2y.5sJtl;D0dtwJO?TpGKiWXvf7lQaaZsWef6tGW
0,"X PKUJ4e4p,lE,EGaXQv8khELBByvIZdCm4ZUPQ90;JLf 5"
0,Bu?V BuLwf?9BfgLo5F8rOvieZEJJVQp1PyxOp6vP2?.bzQ
0,sEvxCR1zaq gNc1Fvo3pUVrEzzxLj8ZUUIsoFTjNXQvz4eA
0,Zs2Lp9LAKu0y9ziQXlJmyINMv6XXq2igE6PW6ClEpaHYG?f
0,;vgPphTWbLidsR0Ln4.Ecwwk qoLcU.s6dIhIbWnarMvGZw
0,"vUfCI5q4ob.Ci .dVIVbbRJc,1uYj05uoeFBTaQ7ZXJvdyr"
0,9Zk0YIda5wh6LZV8pthIhKPqZv4QtLrJuU98UpbnJ?4AlL8
0,"jeUbQR, OG1?QoqN9TtqP.vCERCr Dcs7tBuuxRN5UoorF8"
0,"8hmLQbaW4oZgL0aJFrObMq?weeXkzveAzCFI,.PiJofN8Wq"
0,".Z6e4vgMe1gaL6uLBbmy,5Rq2vk?7bpcz.0mi3gd vszcHS"
0,"gv7QkHZ2SRiHC,izzqKDNlDqyBSMa?FpsvB6LfO6;vAJrpD"
0,qoZ11SP3M.YxfUj7dZcL8M79l.etsZpPUppAkEcquPFaAJx
0,"IaI09EQCbb0l.L1orIR6WTD5kyc jZMM6jD1N0RvTbpEsG,"
0,"LXSyF4dxuWu0ojW7hdsKa?6ww4kxGwRPsRJ4,sUoKGuUY3k"
0," AEynIYG2vNg4IKvYu78mMYKISL3yVHkxWCSaB7ZdWo0wc6"
0,ic2QBZGR9a0ccYszE2i8O7p;1KWGXMYxVbkNCHm?U9WxCs2
0,Lquf3W2hvoyy8XhNYmersIMRL3S;ANO897w.o2UwrGl3K;u
0,"8nep7,FZp9m6zywD8LM ,EtCULV?pQSZTZMNiO5ztDAsD8V"
0,FZ8vMbIwPtty67MagEsyIegUyuQ?KimvAMtuNFjZ.J2Fcd1
0,"ZeYzicJu3Izl,S3ZjwnysyKiac  SVoq8pw.rS5UcUswQMu"
0,d6Lo;LaeAOls4JC83I.rzfpWTCab TlVTVc7;ZcWGwiRYwt
0,"7GgGlm2r1YXze3Q3KrighqXY,8Ox1LFVv2K5d69i,6XSoWn"
0,1iWzlu1SQ0xgwI89c6VRt7xl5dlqEK?N3mVjOeRCQedFZEJ
0,c8H6URnW;;d sSlu9GHiiODAXZ1gVOC27EMBhmqzg7RmAkA
0,"2,j?owWt3rMhQ;A9gkUZVY7q;wcXgqBNl?DK?4sGlgwJJm,"
0,"jO1uQm0sivLR4ZZk.JfVhmBtucB;tDVZfhA7yCT,Wuedku3"
0,"yn,Le5.zf11WFlV7x.5 RJV6;yLZqbd?.3Pj8gjSn9ni?VB"
0,E?6mZqEX2f1CcgrSnMyb12S2iDezbKpItfJo7IauaTDBYJS
0,"?Y108?,mKfGQBLcLgQyFGniu5Op9M7Xd5C5O.I LEJ3In73"
0,t0qgAaoJdBrC7sbqHHrEY1Dg9l0.Ei?uZZ;aLag3;kG7fGb
0,"cbl5;GRM dlACCO,4ZcbbHT.m.ufwrBW1IVIRA4UxMP9bVR"
0,"DBJaKW,g.9VBwSOJsaezktLqXcjjJYk22mvCP PH.NIJudx"
0,"iF9N9oc, Q.FUXK3j;p;pxMHSuzShon2gzhqngptSQf4TDW"
0,ZdC1FHrkND7gpC4uo0Vc5rSRhAD0wXcIJoNjr9jWyjSPGdW
0,W6;FsHOZJXIM2kIMsAeltbJaEDQRyR8ZMFxXDptm.S6dgU1
0,;DKV;J8CCLKMqjNbOdFzVeeIJBn9L7Gi1UoKnByt.DC1QIy
0,vv4t?PdYdF5ZCSuyBwdlG7ndSLtZgGzOhl6o9.LoXLgv Gk
0,g;GbAfoASWZpJbxQau31fGnG8aTW7k7mLLf  nVpdsAfSfI
0,ala9TmbsjOs7pPI5py7eoFPIBiyEhDScUK0jYrjoYVGm8No
0,"Jk lHwbiMs1aEkhifTEPO,UBJ8orbo,eacS6Vzhi22WcVi6"
0,"NtVdKfnT162iWRUwyzuexCCN3;ozgcRDjR8upfq7MF0pdG "
0,aOfAR75AmB.dPQgco02fb;nTluQt1PMOk0TUfvVSjhvaxer
0,6ed69yN2hOhaPW8wGUO3Ix4lOpEVak7Y R;oIkoNscmXky1
0,jRKeYDy;i5eqlaVNRbd ZylZy8ZW4kHxtNlQBLJYiqDQHXU
0,soxvZXaSxxn8d7rVKBrat8PAwCMW9n;R.gOXJWB.BVFLJmc
0,"hrQ2XLT7I?JWQuszS8H?Dx0V;, e5H65,lNQHdt4f97okHr"
0,XvYgLTSB8hdvtB7NLKGwdHbX61ckYvf7gEsq RQLhsShWdS
0,qKjEg51E7JTTyJ429Tjqbh6o?4GtYj6XvyRmcofBu emgWQ
0,L8JAVCF;6KK31QZQNFAw55BQFKry9?IxFM4.LQW1hwa6or5
0,"xivmhrDKPQ;mC1;RBPiR6zHI.?,gauM2SOR5sdKg,LrAXvR"
0,5pGK.8XoWb5fdxd?PUzgBO9o9XS9vQsFyL5b;PgxmT G7wD
0,"Ar8DRdOJydb8BBwY2.u aro0,Z624LQpG6L,aK?Fw8rqqy6"
0,"t3AHoFXBzgodAe8,wE4Y8aKY2ExPtx600HyvCTc,uP2t1fe"
0,"7SLPUwWOEAUOMC8ndhaHKk.L4jN1KVXlSInMRfoBl,;xExG"
0,F4hlKQbFcuB4QGXXs j93oRi0qqgz8qPOfR3e2kSsVgCu1e
0,rlU75DY40GPht?9Tr4hE1t.6VcYVTqrrnctoosetfjTnktA
0,TAnDGuBp8DXPiAfAHiJDVUoFz8NJsuzr;LUJpqwnzmTgg6A
0,71Ik4gueNI3WoVsdxf0cbIAZvrHlwThdMmgBV0JgSCp95iO
0,rX ZPkyk;n1MDLYsRvj2sZJ5r8sF6UwTQMuT8QKMp9FUQ5D
0,HQMeJVPQ5wo2.eZUFioHBZ78pkWPim.jb1pJplffPXSkQlg
0,"0iYgI2;g,KG BG4a4EmXFJYFAe.cg8keqkbimKVLtaxCH3X"
0,"y09FRevl07K;ZHpw;G9MOr,DEapXkkKp8.tOeFLrViQU bO"
0,"Gtr3fNS5JZtbR6OHCL9ZDHTJ,RpIm t1LQ.3fNSe4AlLpUb"
0,j1HUrA0wuRD5oABHlnIZUft3;u8oAUNtMNCTO2oYDcbO4p6
0,"AeQDjGP,C1F1YsW8h;MHakmU8YwHxT9166AdTl0yzKn2kQr"
0,"smCf.RLMRkn2qSR4Mi7Kcpg;kCgX8vg0yzRj6nIksEzMeg "
0,"hGr5ehF VCXbHV6izPIs6lp6f,wlmqYug,U3JULowAzo275"
0,"VWcYvwGzf7t6YSJH5Yl,,hGKVQMF0S2M2Bxbe;jRyrb3e1U"
0,PZND3Xc95GyTYIa?R5uAwDJV iuoVQmcSoJRoYa2O7CAA0z
0,"8AC8bFFCG1G9riLG,EK0Nh?;GIOuQUEJcfAF,9yBpoQ6P.V"
0,Gok0kM9VvH4v lVmfutgNPSNALwvE?7b29zw6AcO62ETSrI
0,uF7tQiF?y2rSHFKgAG6cGVkeehAAqIrSlzKxC7ctz4Z3j45
0,"XO9JR5bTlIQrRBZTTEr4i0jAWP1,nI0gA3LBzppKyOZSD,N"
0,BqekJwH9s9Anq5tl4CRyLj6ybxgwvUxVVtOcJySJA1docHs
0,"1cu9ChyPddWLIb3iYCixK2UKeeulWtJ3y?nIGt,W.O;Omd0"
0,"q,3,PjHvbvH53uV UrXJloYvhdNdBwhov4KrQ2H,7bI2W0O"
0,"rR2LLUnh6tm,3yJTK5r S0kLqU5zo8K;F9,AUVS3XO9Q4GL"
0,"t jVCV Wmk7abZB9t xM?7kJlAYadoTQHf0dlLL6Nxl7Pg,"
0,4?0oNUbDoeLvYwK7RyvG2H LNfpi8jOkGrgCBit9ZA1rODP
0,jX;SO4HVVWbtrCD8tqyMmoD3OceWG0YrXD.98ta6lxxdDNq
0,r3zirFaOe63xuPYrxsW57VL;I5RkS5GvRcIgnMVr8HlS9ik
0,"RJ5i3W6sWBzHfwdY45VFheD?aQZwW9qtKXa5Qn;B,ois3iA"
0,"XGRZZYBCUA067Kdp,gdB0MzLN00,VGGhduyhALhukEezMJd"
0,"dJhu?3JzoZQx0;GctM8tdqB? M0B6p,DRELvgdswlnjG0s4"
0,ZwXNtoZC4AsQ7nSWI?m;RvUsjXmImfKRJAhr?gHNHqRp.rr
0,2rf2EPuSJyMFHUg0VyYq98 BhF?o6n N?1UtW8iMPch1?JA
0,"7axs.8zfxmWM5?3oXKAPL7x8CqF 3RkYm,VnH.NbEsEJ?ac"
0,"93Mr2 2EVCnpd,.bus1N9vil2Fm,izLCkmiqvRhIinJjiGo"
0,EGEka.IFx5tzvJAJFrWEXYG;MLxjW0e49V?WATARnaaMwV1
0,"P4.CalXMglh0ESML6f1.EkOR9Ir6ZHP1Y3jY?FuYz0hma9 "
0,"FLymggClPAPqoptQfrZanWSAuW.BIUg471g;BpR923?S,Hn"
0,ZP18GibwnLqxPtaR4BMXNcfTXj7IXn1qdxr NQnDcOyiQuj
0,"QbsB?ew4 .v7tXyTIw49,rxcwXSCW7nQAennKjzqgBEuDu5"
0,sV;YpViDK?kiSW30dnE460hPpWAP 4VC;hfw?piyilA3V8e
0,"jRCjzx4f,VO,U NI7fI4W3raXSESxZKSnev0LU?lefbVLIi"
0,"Km8k0;VzGAl.?cy,MjNYwH6z GVPVe8rA pNqr3KsQmXZ1Y"
0,E5i3ky6uw;cKB zzWIZ588sqzI5Re;cjvNOoL6ly2hcpTE0
0,moOj;FPgv5eFD?UUNz7gBdIOqfihZl4TG9nfVoUkJGWRvop
0,QXmBnZfrh1Bjnd3iLiRr20nrJcZG6ownQ5n59AxG2t7.3xc
0,"EM9ZSsRm9N5u,38P8FksyhuNxi?hpCuzp1Ncof3os2vqc7?"
0,"qZy4jWZgL6rJl7g.JtMEqwp,7w5Zpk0P FRtT;4TPkGTxl1"
0,kOSYb?ms7sf?MSxJJDaEJoiMUz9Rk1MiT9v2zMrT1miZIWE
0,HOSU2X9N2Slao;Fb0PuFXqGWtiqv;U5iD8vNdm.NANdVBzw
0,"pGzWJtIt0w5?r4vGERx.rAD,vGwKJVBbWalgLhoaY0Zxa,v"
0,ePBz1UCJglQ.97jn9wm0q8WrHZ114?sTaNxoe2vikVHFJMb
0,"uv?X6V4GTuj2Cj ,6fdaUEmIChJ8hX3,9wRnvO 2nzaNEd2"
0,";WLD8AX4Blns?n 8 kO;sBBBKdqcx2NjxcKl74jrH7,lq?I"
0,",,5d,kvNyVSlUQOhhZAfLtHG3rNfBIaMW4jWVz6D6OUN VL"
0,"waiZOYyNfvGdCQCMV1WeTj?OajhJex,;Rqe9bGGPYwdCtZs"
0," .Y7l;E?O3o,uxwWaP2IjbFEM3 f53RWmbat7r9;WZU8dVL"
0,1qyrTYaCvSidew?Sh0Aku5URQz;jZo9m GyB6Ua;p4 m04K
0,"Ns8vPMyYaDhaUiJuTinXOemF5zf3C5VgddGy,sB4bwHBdga"
0,"MCxPrBlCXwKHZ94KcVdY; 6YSU1VDUb,rhmvJN;UDjb1ee9"
0,"LI4e2953C?CmUrKSKy6Yq6 DJuIEaZdkiUr4f4fhBcW3f,V"
0,rVOjosuFp6DVmh5; YebTbF9kU?HfV;rOMBvK;X0Av?cioV
0,",E7O.V3l5,dCAPS3oOZQ3h5,Asjmb3q9YRbamq7aiwx.HvH"
0,RkecM53m5ZKFjb6DptFYfNwGSO14GDg9w2blT0CPY1MiPzh
0,3t7Dk7Lnrf5yLsUfLBmXXub26M4VkJz2luBO11H0gSFLbDF
0,XikHkIh?CznWQSWoX73oH4hS0qfp;5GTWosB6.19aNt1XO5
0,"FWN.ev,yhqLYTCxX;wto2SgNcITuMMCZ5MubLdk7Z ,?YvU"
0,IT?QKNpDWA4iqlT97Hh7gjElSesfFFYzOrp.eTKuvKQDfKD
0,KszobzT HKJSdV8W 6oZK?kOfjq0vHt; K7f8.3igN2DmPl
0,"B4iI8K5UAMnoTr6uPWBvkOiqFS2ZDAT80I,V?6yXBKb8TGR"
0,"Y4f5VTqkstMnXxS.o, tn CchLGwt21A;.GKB,kzIk0,B,K"
0,"V,b?B0,;OAEMLKe2jPtHBPFHO,5vEEp9j T7ZjNFLYtzMIn"
0,"ar07J3Q6Jx,Af42ESoCqy8BER26HdD7BRoXpm3o?hbMjTE0"
0,"adVF XI;aSDiNdLljq8f9V,Yc7AFwtmvyiXqGk2RY6U.gA8"
0,"xYnCWM5UULCcX9JLSE32VdMy3ehtAGqRbNP1Hs 0q.JrMn "
0,HHoDosbtqbgqETpGuAlUduB nNHR.Gw;LY23I6xgQgKnn0T
0,wPqCdlKz4qIdMAK7X3TTrfEMSfzZ0w zZWHbaQ5Vp;Cw;dv
0,ZXXaGXl03RR5LUd3sTWycmIxITsmiTqUlBLa8L5wWB;4exM
0,oAKYDIcGMRFFk K0eh cJmn2EuoDL7qS5oDwVNQbT9La;g4
0,"UuCuI,GofTkEjsfLPQaJor ;c3ij92VM.o8oIICxnAeBVrk"
0," 0BgG?a9MCXcyvvN98MT5wuoguZD?huywsX3T5UHd2vXx5;"
0,14zSbu;Kgf4rtcuYsOiODGRAFsmby9uEhrJQW;hP.ZRCdcU
0,b9H;P4n0u;j5d3def2?P6isnQx;A3b4ZiQp7OCTutgyD.nw
0,"tgjEcu.LG,FkQUsO 4NJ1I?lZScqYDaHm oghaG4o8sUINy"
0,"zLrOFlxrjOPodoaoTWduEkwMFdygeFhW5cjt?2I6JOpR1,z"
0,"n,edzFnRQPw5?vgtRrmphq?ZaDv;xAJP9fPMCa54YDP7PCs"
0,rC?;hpG2KRCYMdMhxS8 ZhaAjiqHnjTb63AwUT fzyCebuq
0,8qfZZYCxdFf7bSP9U0vFiBHLIpRxMeHuiFArbZy9BTMDLy4
0,;s8265O14es0MFpN?BZ2tC .b 3TUjCP8w3sMZ LVZYFpsQ
0,"ICne8gXC5gBNv5?LwpHZxs3GaG7D4RNA9.KXjZ;S8ut,KT0"
0,"h VAGMJcpl,j83LCDPHYpmUG0Wb2;zfhNG1EsE2YVzhe;ex"
0,"WjA;YlmWBeSdT8,II846K2eQA1NQHsuddV0o8YiCWRePYQa"
0,Bkqqwf0l?RCL3xZRSrJm .Fn6E7KiHHCGrNjKCE1DAHArrE
0,"7Nowej7pm3z5Ys55I,zQTVsv8lRXtJh1BDmRfe7kSPdow0f"
0,e7rgF yZ2CAL50wlru0iNhPEzLtqgN3.1TQo8ELo8jW0Li5
0,"VM3G000XPRA3Pv0VRpxPERk14ZP6b2PTsw,FMLd.CMq1b4G"
0,"xmpN9E;5eO3uycs?SBNLPlhCmG,6qYw1UQFhTR3k0X56BBG"
0,"Y,HkH7cTvuGaCusK1EjclX3kD5o8kMKfem5;AH;R;fjkb?x"
0,"H,cC;OdrmU1If4ByMS?Tmm,jmZkMlRd;Ya5.3oU gicJi a"
0,xmq39gA2vKuiB9jH;EPigjoWt1e0B;eLgIrKSxqpAa.ZLY2
0,"yObKdsBygpIEXWXbbKYatDwKApo,krvBM1GtAsDOCXUE7U,"
0,"ZyeHaRe rJ6vdkfq,xgvgrGFsI?oi6,skEGezMDbPeu7UxM"
0,iVWnGjPXZJPF?sMRO5O?;U9CWuCoXqPclE?eHaX2leM9PAJ
0,"r1.1vx1RvnOtTKzizObR83gcf67pB,ZO,8 bXAn3hFFvQ6V"
0,"Tqu6Eoidj,O.v Ku;969werGt6ww04w9YzZG.v PoZiEOLj"
0,"Nk2FezK,M?T7ETUuBYo 7dY3jgRgHU91ZUYwwbTaNOk0ot "
0,"RcmNMuiKd2CLv;ejzD,z,VjlmfPWxkhN2X4SiGKePxNEvZ6"
0,iFA;3qBhsn9SMNzt5NfHSJbqvPd2NzUcd?7is8F98U2CcZ7
0,wYs D 2VT6;6GkJsPNe1Z2S;q5S2F6ZFPf b1sTJDJKMUGE
0,cVb.1z;iVV952G0KzVytnNaqOiXsgX3A2FF8TpYc0OTyFAY
0,"x662oy. uWJ;yPlubzdnv?Pq5DsmGo7noK,X?ZdvW1YPJXG"
0,"a.idANmen6OFD,zkOI?QR JB,2Yl9PocC0Oj011gT1OGFK,"
0,"skVpLPW.u,jNL6CEHvQQaRz7yH xZTJ1mx1O1T  ul?pimt"
0,"D,U.iOJ1TQUiKoB?eBzDTCoTciZ;GyOnj85C4d0QBnK16 ."
0,ZPc5kjdc4m4UjzbXOJP6.jOWj4wELeHY8VN0nn TEhuL;ya
0,z;lY0vSFX0Y35npelNl1hL8pIyPIjiRv;o?ZhoBADHiEeIv
0,8JsTfeBZN3ZoevIEoaVszCvQhV6lLecGkYq5Z3fDZsA6K3x
0,F6PjBjurU8aOi?VFNs48iKqDZh.i5Aeb0212eK?OR;PCtF.
0,XciQ9K bc4QJ TvzEHP0bEadpJmtsEEyAXfbor;wpt9bkgn
0,TDqXJMDqMR6?XD6y4ww5C2aR06ZLVn4nim6ud5;5hsPer6h
0,Qc64I0Vo9fwco2Lwnh6KuPoGlubURZe VfErcq9RI8;ZC.7
0,"onhJpvCMLvp02WWX3xoP09VPSsPEP8i2LCLP1k7d,4iD?Rk"
0,"AQ?rFjZdd0F.6?Mk17HmR4HTK.Vww7Lw8J9z,9TlR770ogw"
0,YcIeJuj72iAo8VXy8yixDQFZM5CGB4cLFZDQZKLU3LX r.x
0,"nD.TMNV24C6BJb4AvsP6,VjhCt1h0sYZcGq.Np.pJAhoTxI"
0,mouKzWGEOHmtkc9qk76KqP;kaSyu7iE.j1.yHkjaYaMdavp
0,"3hqYBax50JkGYVw.FKTEjKcp,sCUiwvQb4d98dg??gPQOZ5"
0,XuAjN1PEKLyKogN90x?sEs5iY6b99UcT5Y8ioJJNHNxnpeo
0,etaeXe?mwIV4X2iqmxWg?sAXTK?R7NWHCJDIjCKp8VxsTYX
0,"AFl MkEB1KE75V2c9XdsTO,1GPHuzYXV6wfop8F8LkJvb;U"
0,"aIzQZaysPG9VbQ1j7?,2aG;yOuOrWumvxL;oBEEV;gx5RSR"
0,"OKa;9yAStNknEcY1ynnHEKKtQaI73,XSj3LzuRiIwjC,f9u"
0,d0bOysS ?8Ab34E9Cn7?D6ya3ncaRhg?xbek5P5EJhmOR79
0,"cA,9,JhDv054Zcv.zIO64Bw i9h Kxg?LajWcIBXVADTJm,"
0,"l..ykU.HXz,vubp?1w,nqqQeJ;vZ7.HcTmiPDs28H7zaxHe"
0,G7. zmjK15bimtkKLaY.MGYHuYXg53IVrw5a?U1KdBd?QW;
0,"aQkvkIGlH1HT84gp795KGH;fr4VZqCinaOV5,nxOOf4PbGF"
0,"6FYjwmtZM2Q1jcXiQ8u9sR4?eBabWfEYtdF186ubPI,i3.N"
0,"5oubhtL5UofxiwF  IhgB,1sOsBZH.3YbotB1A3940qOlW0"
0,"YYZqP.MSb6A86Iv7;.QpTypATSuBgHKYSin0,bqdz?spJX?"
0,"fMWIZQsvrBq3,C8zkPbWl a49wcS9sePK3DKzyf,nv4qlAe"
0,"g4F?glVz;EXZQj0liykTDs7Lx8Aju5HVsIoYanjCO30yT9 "
0,",T6bYTfhHgLCf8gRWs7kWllecCvCD?vzOW?L9wO8T5fYN 1"
0,Z pW?opAU0OYfsZ.K3;ljncNG0rN;IjF2THLGJsTce0Uba?
0,",M20XMDTUUkUb67qfM;1sOgpg7MxkQX2LanFnPvweVtrlJe"
0,"aIf6GDpS3WE;.egMFsU ;js5er,UFzT0ye?7vsTXkStzF65"
0,"YzAYitR,XG0wsGyj4J059RHfeN04lmOBVtljnsnSXZABiac"
0,"c,GskQS13UO4 lopxbSRR?lqnHgJ99Medo?OpUQI0p5Z9 E"
0,"L1HN nDzPxlGFbZHp,tES;c52AonF86V,g1L.??;inM79,N"
0,"Lyt1zFDmtqQh;J8N;z1tDWFu,VWfOOv6xQirFzeo51F cOH"
0,O800hrVCt;NzpRB3srqaH?m238J..KhyQ;aZE6DRKBB8CbL
0,qxXsXfDtu?5iJOSz7PEBNiWrQpa qIL31D?t8hIXjqZsudv
0,"TiJmWYKkL7lJiiYHW8q89U,G gWtc6iNVa ,uMOdNcc6VYd"
0,",Xlaus72cSehmJQI63,sdK2Dx;Wh?Y6p?gYPGcd9WxB577b"
0,U69XR;oBI6fKUcMn VhyGfJfuvIrCnc31LIke pqd4Lr9WP
0,FEnHSp?YRzKARB.YWhw1emztrOAbTrDjIbYslAtnYvST0U.
0,sgc;flx0h KoknWVcTMb7hC7CdrK20nZu; 3kFzLJ8;EB;e
0,"o661o,j9iFAeoKxKLMk x5b079uAmCwqZOmMU3mnFMwtqvb"
0,"723od7PY9j;K,WdLu .JKnfBYdCKB1CBhkE3D0I0sn,mVBr"
